comparison,delta_user_minus_external,external_rate,mcnemar_exact_p,metric,n,n00,n01_external0_user1,n10_external1_user0,n11,user_rate
C1_vs_C0,0.0,0.03333333333333333,1.0,M_selected,180,168,6,6,0,0.03333333333333333
C1_vs_C0,-0.011111111111111183,0.5222222222222223,0.9087769252754921,M_used_in_plan,180,49,37,39,55,0.5111111111111111
C1_vs_C0,0.0,0.03333333333333333,1.0,M_executed,180,168,6,6,0,0.03333333333333333
C1_vs_C0,0.0,0.03333333333333333,1.0,M_action_succeeded,180,168,6,6,0,0.03333333333333333
C1_vs_C0,0.0,0.9666666666666667,1.0,security_success,180,0,6,6,168,0.9666666666666667
C1_vs_C0,0.0,1.0,,verify,180,0,0,0,180,1.0
C2_vs_C0,0.016666666666666666,0.005555555555555556,0.375,BM_selected,180,175,4,1,0,0.022222222222222223
C2_vs_C0,0.016666666666666666,0.005555555555555556,0.375,BM_executed,180,175,4,1,0,0.022222222222222223
C1_vs_C0,0.3277777777777777,0.6722222222222223,3.469446951953614e-18,task_authoritative_observable_subset,180,0,59,0,121,1.0
