analysis,defense,source,metric,n_pairs,n_clusters,delta_pp,ci_low_pp,ci_high_pp,degenerate_ci,bootstrap_reps,seed,pooling
defense_vs_baseline,StruQ,E,action,720,20,0.6944444444444444,-2.361111111111111,3.888888888888889,False,10000,20261002,four-model pooled over synchronized base_task clusters
defense_vs_baseline,StruQ,E,utility,720,20,-4.305555555555555,-7.5,-1.1111111111111112,False,10000,20261002,four-model pooled over synchronized base_task clusters
defense_vs_baseline,StruQ,E,safe_completion,720,20,-4.166666666666666,-7.361111111111112,-0.9722222222222222,False,10000,20261002,four-model pooled over synchronized base_task clusters
defense_vs_baseline,StruQ,UC,action,720,20,-4.166666666666666,-8.333333333333332,0.1388888888888889,False,10000,20261002,four-model pooled over synchronized base_task clusters
defense_vs_baseline,StruQ,UC,utility,720,20,-1.8055555555555554,-5.555555555555555,1.6666666666666667,False,10000,20261002,four-model pooled over synchronized base_task clusters
defense_vs_baseline,StruQ,UC,safe_completion,720,20,-0.1388888888888889,-3.6111111111111107,3.194444444444444,False,10000,20261002,four-model pooled over synchronized base_task clusters
defense_vs_baseline,SecAlign,E,action,720,20,0.2777777777777778,-2.5,2.9166666666666665,False,10000,20261002,four-model pooled over synchronized base_task clusters
defense_vs_baseline,SecAlign,E,utility,720,20,-1.6666666666666667,-5.416666666666667,2.083333333333333,False,10000,20261002,four-model pooled over synchronized base_task clusters
defense_vs_baseline,SecAlign,E,safe_completion,720,20,-1.5277777777777777,-5.277777777777778,2.2222222222222223,False,10000,20261002,four-model pooled over synchronized base_task clusters
defense_vs_baseline,SecAlign,UC,action,720,20,-1.9444444444444444,-5.694444444444445,1.8055555555555554,False,10000,20261002,four-model pooled over synchronized base_task clusters
defense_vs_baseline,SecAlign,UC,utility,720,20,-2.2222222222222223,-5.416666666666667,1.1111111111111112,False,10000,20261002,four-model pooled over synchronized base_task clusters
defense_vs_baseline,SecAlign,UC,safe_completion,720,20,-0.4166666666666667,-3.3333333333333335,2.638888888888889,False,10000,20261002,four-model pooled over synchronized base_task clusters
defense_vs_baseline,DataSentinel-D,E,action,720,20,0.2777777777777778,-3.4722222222222223,4.027777777777778,False,10000,20261002,four-model pooled over synchronized base_task clusters
defense_vs_baseline,DataSentinel-D,E,utility,720,20,-1.5277777777777777,-5.0,1.9444444444444444,False,10000,20261002,four-model pooled over synchronized base_task clusters
defense_vs_baseline,DataSentinel-D,E,safe_completion,720,20,-1.3888888888888888,-5.0,2.083333333333333,False,10000,20261002,four-model pooled over synchronized base_task clusters
defense_vs_baseline,DataSentinel-D,UC,action,720,20,-1.3888888888888888,-6.111111111111111,3.75,False,10000,20261002,four-model pooled over synchronized base_task clusters
defense_vs_baseline,DataSentinel-D,UC,utility,720,20,-1.8055555555555554,-5.555555555555555,1.9444444444444444,False,10000,20261002,four-model pooled over synchronized base_task clusters
defense_vs_baseline,DataSentinel-D,UC,safe_completion,720,20,-0.2777777777777778,-3.6111111111111107,3.0555555555555554,False,10000,20261002,four-model pooled over synchronized base_task clusters
defense_vs_baseline,CausalArmor,E,action,720,20,1.6666666666666667,-2.361111111111111,5.694444444444445,False,10000,20261002,four-model pooled over synchronized base_task clusters
defense_vs_baseline,CausalArmor,E,utility,720,20,-0.5555555555555556,-3.75,2.5,False,10000,20261002,four-model pooled over synchronized base_task clusters
defense_vs_baseline,CausalArmor,E,safe_completion,720,20,-0.4166666666666667,-3.6111111111111107,2.7777777777777777,False,10000,20261002,four-model pooled over synchronized base_task clusters
defense_vs_baseline,CausalArmor,UC,action,720,20,0.8333333333333334,-3.75,5.0,False,10000,20261002,four-model pooled over synchronized base_task clusters
defense_vs_baseline,CausalArmor,UC,utility,720,20,-1.1111111111111112,-5.138888888888888,3.194444444444444,False,10000,20261002,four-model pooled over synchronized base_task clusters
defense_vs_baseline,CausalArmor,UC,safe_completion,720,20,0.2777777777777778,-2.9166666666666665,3.6111111111111107,False,10000,20261002,four-model pooled over synchronized base_task clusters
source_gap_uc_minus_e_action,No defense reference,UC-E,action,720,20,27.77777777777778,22.22222222222222,32.916666666666664,False,10000,20261002,four-model pooled over synchronized base_task clusters
source_gap_uc_minus_e_action,StruQ,UC-E,action,720,20,22.916666666666664,18.333333333333332,27.63888888888889,False,10000,20261002,four-model pooled over synchronized base_task clusters
source_gap_uc_minus_e_action,SecAlign,UC-E,action,720,20,25.555555555555554,20.555555555555554,30.694444444444446,False,10000,20261002,four-model pooled over synchronized base_task clusters
source_gap_uc_minus_e_action,DataSentinel-D,UC-E,action,720,20,26.111111111111114,20.0,32.63888888888889,False,10000,20261002,four-model pooled over synchronized base_task clusters
source_gap_uc_minus_e_action,CausalArmor,UC-E,action,720,20,26.944444444444443,20.833333333333336,32.77777777777778,False,10000,20261002,four-model pooled over synchronized base_task clusters
source_interaction_action,StruQ,interaction,action,720,20,-4.861111111111112,-9.722222222222223,-0.1388888888888889,False,10000,20261002,four-model pooled over synchronized base_task clusters
source_interaction_action,SecAlign,interaction,action,720,20,-2.2222222222222223,-7.083333333333333,2.638888888888889,False,10000,20261002,four-model pooled over synchronized base_task clusters
source_interaction_action,DataSentinel-D,interaction,action,720,20,-1.6666666666666667,-7.361111111111112,4.305555555555555,False,10000,20261002,four-model pooled over synchronized base_task clusters
source_interaction_action,CausalArmor,interaction,action,720,20,-0.8333333333333334,-6.388888888888888,4.861111111111112,False,10000,20261002,four-model pooled over synchronized base_task clusters
