model,defense,source,metric,n_pairs,n_base_tasks,delta_pp,ci_low_pp,ci_high_pp,degenerate_ci,excluded_missing_baseline,excluded_missing_defense,bootstrap_reps,seed,match_key
Gemma,StruQ,E,action,180,20,1.6666666666666667,0.0,5.0,False,0,0,10000,20261002,model+pair_id+source; cluster=base_task
Gemma,StruQ,E,utility,180,20,-8.333333333333332,-20.0,2.2222222222222223,False,0,0,10000,20261002,model+pair_id+source; cluster=base_task
Gemma,StruQ,E,safe_completion,180,20,-8.333333333333332,-20.0,2.2222222222222223,False,0,0,10000,20261002,model+pair_id+source; cluster=base_task
Gemma,StruQ,UC,action,180,20,-8.333333333333332,-15.0,-2.2222222222222223,False,0,0,10000,20261002,model+pair_id+source; cluster=base_task
Gemma,StruQ,UC,utility,180,20,-0.5555555555555556,-12.777777777777777,10.0,False,0,0,10000,20261002,model+pair_id+source; cluster=base_task
Gemma,StruQ,UC,safe_completion,180,20,1.6666666666666667,-9.444444444444445,11.666666666666666,False,0,0,10000,20261002,model+pair_id+source; cluster=base_task
Gemma,SecAlign,E,action,180,20,0.0,0.0,0.0,True,0,0,10000,20261002,model+pair_id+source; cluster=base_task
Gemma,SecAlign,E,utility,180,20,-7.777777777777778,-23.333333333333332,5.555555555555555,False,0,0,10000,20261002,model+pair_id+source; cluster=base_task
Gemma,SecAlign,E,safe_completion,180,20,-7.777777777777778,-23.333333333333332,5.555555555555555,False,0,0,10000,20261002,model+pair_id+source; cluster=base_task
Gemma,SecAlign,UC,action,180,20,-13.333333333333334,-23.333333333333332,-5.0,False,0,0,10000,20261002,model+pair_id+source; cluster=base_task
Gemma,SecAlign,UC,utility,180,20,-3.3333333333333335,-15.0,7.777777777777778,False,0,0,10000,20261002,model+pair_id+source; cluster=base_task
Gemma,SecAlign,UC,safe_completion,180,20,-1.1111111111111112,-10.555555555555555,8.88888888888889,False,0,0,10000,20261002,model+pair_id+source; cluster=base_task
Gemma,DataSentinel-D,E,action,180,20,2.2222222222222223,0.0,6.111111111111111,False,0,0,10000,20261002,model+pair_id+source; cluster=base_task
Gemma,DataSentinel-D,E,utility,180,20,-3.3333333333333335,-13.333333333333334,6.666666666666667,False,0,0,10000,20261002,model+pair_id+source; cluster=base_task
Gemma,DataSentinel-D,E,safe_completion,180,20,-3.3333333333333335,-13.333333333333334,6.666666666666667,False,0,0,10000,20261002,model+pair_id+source; cluster=base_task
Gemma,DataSentinel-D,UC,action,180,20,-2.2222222222222223,-8.333333333333332,3.888888888888889,False,0,0,10000,20261002,model+pair_id+source; cluster=base_task
Gemma,DataSentinel-D,UC,utility,180,20,-3.888888888888889,-16.11111111111111,7.777777777777778,False,0,0,10000,20261002,model+pair_id+source; cluster=base_task
Gemma,DataSentinel-D,UC,safe_completion,180,20,-2.2222222222222223,-12.777777777777777,7.777777777777778,False,0,0,10000,20261002,model+pair_id+source; cluster=base_task
Gemma,CausalArmor,E,action,180,20,0.5555555555555556,0.0,1.6666666666666667,False,0,0,10000,20261002,model+pair_id+source; cluster=base_task
Gemma,CausalArmor,E,utility,180,20,0.5555555555555556,-3.3333333333333335,6.111111111111111,False,0,0,10000,20261002,model+pair_id+source; cluster=base_task
Gemma,CausalArmor,E,safe_completion,180,20,0.5555555555555556,-3.3333333333333335,6.111111111111111,False,0,0,10000,20261002,model+pair_id+source; cluster=base_task
Gemma,CausalArmor,UC,action,180,20,3.888888888888889,-3.888888888888889,12.777777777777777,False,0,0,10000,20261002,model+pair_id+source; cluster=base_task
Gemma,CausalArmor,UC,utility,180,20,-0.5555555555555556,-13.333333333333334,12.222222222222221,False,0,0,10000,20261002,model+pair_id+source; cluster=base_task
Gemma,CausalArmor,UC,safe_completion,180,20,1.1111111111111112,-10.0,12.222222222222221,False,0,0,10000,20261002,model+pair_id+source; cluster=base_task
Llama3.1,StruQ,E,action,180,20,4.444444444444445,-5.0,14.444444444444443,False,0,0,10000,20261002,model+pair_id+source; cluster=base_task
Llama3.1,StruQ,E,utility,180,20,-6.111111111111111,-15.555555555555555,0.0,False,0,0,10000,20261002,model+pair_id+source; cluster=base_task
Llama3.1,StruQ,E,safe_completion,180,20,-6.111111111111111,-15.555555555555555,0.0,False,0,0,10000,20261002,model+pair_id+source; cluster=base_task
Llama3.1,StruQ,UC,action,180,20,-1.6666666666666667,-12.222222222222221,8.88888888888889,False,0,0,10000,20261002,model+pair_id+source; cluster=base_task
Llama3.1,StruQ,UC,utility,180,20,-3.3333333333333335,-8.333333333333332,0.5555555555555556,False,0,0,10000,20261002,model+pair_id+source; cluster=base_task
Llama3.1,StruQ,UC,safe_completion,180,20,-2.7777777777777777,-7.222222222222221,0.0,False,0,0,10000,20261002,model+pair_id+source; cluster=base_task
Llama3.1,SecAlign,E,action,180,20,5.555555555555555,-3.3333333333333335,15.0,False,0,0,10000,20261002,model+pair_id+source; cluster=base_task
Llama3.1,SecAlign,E,utility,180,20,-6.111111111111111,-15.555555555555555,0.0,False,0,0,10000,20261002,model+pair_id+source; cluster=base_task
Llama3.1,SecAlign,E,safe_completion,180,20,-6.111111111111111,-15.555555555555555,0.0,False,0,0,10000,20261002,model+pair_id+source; cluster=base_task
Llama3.1,SecAlign,UC,action,180,20,6.666666666666667,-5.0,17.77777777777778,False,0,0,10000,20261002,model+pair_id+source; cluster=base_task
Llama3.1,SecAlign,UC,utility,180,20,-3.888888888888889,-8.333333333333332,0.0,False,0,0,10000,20261002,model+pair_id+source; cluster=base_task
Llama3.1,SecAlign,UC,safe_completion,180,20,-2.7777777777777777,-7.222222222222221,0.0,False,0,0,10000,20261002,model+pair_id+source; cluster=base_task
Llama3.1,DataSentinel-D,E,action,180,20,3.888888888888889,-6.111111111111111,15.0,False,0,0,10000,20261002,model+pair_id+source; cluster=base_task
Llama3.1,DataSentinel-D,E,utility,180,20,-6.111111111111111,-15.555555555555555,0.0,False,0,0,10000,20261002,model+pair_id+source; cluster=base_task
Llama3.1,DataSentinel-D,E,safe_completion,180,20,-6.111111111111111,-15.0,0.0,False,0,0,10000,20261002,model+pair_id+source; cluster=base_task
Llama3.1,DataSentinel-D,UC,action,180,20,-0.5555555555555556,-10.555555555555555,10.555555555555555,False,0,0,10000,20261002,model+pair_id+source; cluster=base_task
Llama3.1,DataSentinel-D,UC,utility,180,20,-3.888888888888889,-8.333333333333332,0.0,False,0,0,10000,20261002,model+pair_id+source; cluster=base_task
Llama3.1,DataSentinel-D,UC,safe_completion,180,20,-2.7777777777777777,-7.222222222222221,0.0,False,0,0,10000,20261002,model+pair_id+source; cluster=base_task
Llama3.1,CausalArmor,E,action,180,20,11.666666666666666,0.0,23.88888888888889,False,0,0,10000,20261002,model+pair_id+source; cluster=base_task
Llama3.1,CausalArmor,E,utility,180,20,-5.555555555555555,-15.0,1.1111111111111112,False,0,0,10000,20261002,model+pair_id+source; cluster=base_task
Llama3.1,CausalArmor,E,safe_completion,180,20,-5.555555555555555,-15.0,1.1111111111111112,False,0,0,10000,20261002,model+pair_id+source; cluster=base_task
Llama3.1,CausalArmor,UC,action,180,20,2.2222222222222223,-6.111111111111111,9.444444444444445,False,0,0,10000,20261002,model+pair_id+source; cluster=base_task
Llama3.1,CausalArmor,UC,utility,180,20,-3.888888888888889,-8.333333333333332,0.0,False,0,0,10000,20261002,model+pair_id+source; cluster=base_task
Llama3.1,CausalArmor,UC,safe_completion,180,20,-2.7777777777777777,-6.666666666666667,0.0,False,0,0,10000,20261002,model+pair_id+source; cluster=base_task
Mistral,StruQ,E,action,180,20,0.0,0.0,0.0,True,0,0,10000,20261002,model+pair_id+source; cluster=base_task
Mistral,StruQ,E,utility,180,20,0.0,0.0,0.0,True,0,0,10000,20261002,model+pair_id+source; cluster=base_task
Mistral,StruQ,E,safe_completion,180,20,0.0,0.0,0.0,True,0,0,10000,20261002,model+pair_id+source; cluster=base_task
Mistral,StruQ,UC,action,180,20,-1.6666666666666667,-5.555555555555555,1.1111111111111112,False,0,0,10000,20261002,model+pair_id+source; cluster=base_task
Mistral,StruQ,UC,utility,180,20,0.0,0.0,0.0,True,0,0,10000,20261002,model+pair_id+source; cluster=base_task
Mistral,StruQ,UC,safe_completion,180,20,0.0,0.0,0.0,True,0,0,10000,20261002,model+pair_id+source; cluster=base_task
Mistral,SecAlign,E,action,180,20,0.0,0.0,0.0,True,0,0,10000,20261002,model+pair_id+source; cluster=base_task
Mistral,SecAlign,E,utility,180,20,0.0,0.0,0.0,True,0,0,10000,20261002,model+pair_id+source; cluster=base_task
Mistral,SecAlign,E,safe_completion,180,20,0.0,0.0,0.0,True,0,0,10000,20261002,model+pair_id+source; cluster=base_task
Mistral,SecAlign,UC,action,180,20,-1.1111111111111112,-3.3333333333333335,0.0,False,0,0,10000,20261002,model+pair_id+source; cluster=base_task
Mistral,SecAlign,UC,utility,180,20,0.0,0.0,0.0,True,0,0,10000,20261002,model+pair_id+source; cluster=base_task
Mistral,SecAlign,UC,safe_completion,180,20,0.0,0.0,0.0,True,0,0,10000,20261002,model+pair_id+source; cluster=base_task
Mistral,DataSentinel-D,E,action,180,20,0.5555555555555556,0.0,1.6666666666666667,False,0,0,10000,20261002,model+pair_id+source; cluster=base_task
Mistral,DataSentinel-D,E,utility,180,20,0.5555555555555556,0.0,1.6666666666666667,False,0,0,10000,20261002,model+pair_id+source; cluster=base_task
Mistral,DataSentinel-D,E,safe_completion,180,20,0.5555555555555556,0.0,1.6666666666666667,False,0,0,10000,20261002,model+pair_id+source; cluster=base_task
Mistral,DataSentinel-D,UC,action,180,20,-0.5555555555555556,-3.3333333333333335,1.6666666666666667,False,0,0,10000,20261002,model+pair_id+source; cluster=base_task
Mistral,DataSentinel-D,UC,utility,180,20,0.0,0.0,0.0,True,0,0,10000,20261002,model+pair_id+source; cluster=base_task
Mistral,DataSentinel-D,UC,safe_completion,180,20,0.0,0.0,0.0,True,0,0,10000,20261002,model+pair_id+source; cluster=base_task
Mistral,CausalArmor,E,action,180,20,-0.5555555555555556,-1.6666666666666667,0.0,False,0,0,10000,20261002,model+pair_id+source; cluster=base_task
Mistral,CausalArmor,E,utility,180,20,-0.5555555555555556,-1.6666666666666667,0.0,False,0,0,10000,20261002,model+pair_id+source; cluster=base_task
Mistral,CausalArmor,E,safe_completion,180,20,-0.5555555555555556,-1.6666666666666667,0.0,False,0,0,10000,20261002,model+pair_id+source; cluster=base_task
Mistral,CausalArmor,UC,action,180,20,-1.6666666666666667,-5.0,0.0,False,0,0,10000,20261002,model+pair_id+source; cluster=base_task
Mistral,CausalArmor,UC,utility,180,20,0.0,0.0,0.0,True,0,0,10000,20261002,model+pair_id+source; cluster=base_task
Mistral,CausalArmor,UC,safe_completion,180,20,0.0,0.0,0.0,True,0,0,10000,20261002,model+pair_id+source; cluster=base_task
Qwen,StruQ,E,action,180,20,-3.3333333333333335,-8.88888888888889,0.5555555555555556,False,0,0,10000,20261002,model+pair_id+source; cluster=base_task
Qwen,StruQ,E,utility,180,20,-2.7777777777777777,-9.444444444444445,2.7777777777777777,False,0,0,10000,20261002,model+pair_id+source; cluster=base_task
Qwen,StruQ,E,safe_completion,180,20,-2.2222222222222223,-8.88888888888889,3.888888888888889,False,0,0,10000,20261002,model+pair_id+source; cluster=base_task
Qwen,StruQ,UC,action,180,20,-5.0,-16.11111111111111,5.0,False,0,0,10000,20261002,model+pair_id+source; cluster=base_task
Qwen,StruQ,UC,utility,180,20,-3.3333333333333335,-11.11111111111111,4.444444444444445,False,0,0,10000,20261002,model+pair_id+source; cluster=base_task
Qwen,StruQ,UC,safe_completion,180,20,0.5555555555555556,-6.666666666666667,7.777777777777778,False,0,0,10000,20261002,model+pair_id+source; cluster=base_task
Qwen,SecAlign,E,action,180,20,-4.444444444444445,-11.11111111111111,0.0,False,0,0,10000,20261002,model+pair_id+source; cluster=base_task
Qwen,SecAlign,E,utility,180,20,7.222222222222221,-2.2222222222222223,17.77777777777778,False,0,0,10000,20261002,model+pair_id+source; cluster=base_task
Qwen,SecAlign,E,safe_completion,180,20,7.777777777777778,-2.2222222222222223,18.88888888888889,False,0,0,10000,20261002,model+pair_id+source; cluster=base_task
Qwen,SecAlign,UC,action,180,20,0.0,-12.222222222222221,12.222222222222221,False,0,0,10000,20261002,model+pair_id+source; cluster=base_task
Qwen,SecAlign,UC,utility,180,20,-1.6666666666666667,-8.333333333333332,4.444444444444445,False,0,0,10000,20261002,model+pair_id+source; cluster=base_task
Qwen,SecAlign,UC,safe_completion,180,20,2.2222222222222223,-3.888888888888889,8.34722222222202,False,0,0,10000,20261002,model+pair_id+source; cluster=base_task
Qwen,DataSentinel-D,E,action,180,20,-5.555555555555555,-13.88888888888889,-0.5555555555555556,False,0,0,10000,20261002,model+pair_id+source; cluster=base_task
Qwen,DataSentinel-D,E,utility,180,20,2.7777777777777777,-4.444444444444445,10.0,False,0,0,10000,20261002,model+pair_id+source; cluster=base_task
Qwen,DataSentinel-D,E,safe_completion,180,20,3.3333333333333335,-3.888888888888889,10.555555555555555,False,0,0,10000,20261002,model+pair_id+source; cluster=base_task
Qwen,DataSentinel-D,UC,action,180,20,-2.2222222222222223,-13.333333333333334,7.222222222222221,False,0,0,10000,20261002,model+pair_id+source; cluster=base_task
Qwen,DataSentinel-D,UC,utility,180,20,0.5555555555555556,-7.222222222222221,8.88888888888889,False,0,0,10000,20261002,model+pair_id+source; cluster=base_task
Qwen,DataSentinel-D,UC,safe_completion,180,20,3.888888888888889,-3.3333333333333335,11.666666666666666,False,0,0,10000,20261002,model+pair_id+source; cluster=base_task
Qwen,CausalArmor,E,action,180,20,-5.0,-14.444444444444443,0.5555555555555556,False,0,0,10000,20261002,model+pair_id+source; cluster=base_task
Qwen,CausalArmor,E,utility,180,20,3.3333333333333335,-3.888888888888889,11.11111111111111,False,0,0,10000,20261002,model+pair_id+source; cluster=base_task
Qwen,CausalArmor,E,safe_completion,180,20,3.888888888888889,-4.444444444444445,12.777777777777777,False,0,0,10000,20261002,model+pair_id+source; cluster=base_task
Qwen,CausalArmor,UC,action,180,20,-1.1111111111111112,-12.777777777777777,10.0,False,0,0,10000,20261002,model+pair_id+source; cluster=base_task
Qwen,CausalArmor,UC,utility,180,20,0.0,-7.777777777777778,8.333333333333332,False,0,0,10000,20261002,model+pair_id+source; cluster=base_task
Qwen,CausalArmor,UC,safe_completion,180,20,2.7777777777777777,-2.2222222222222223,8.88888888888889,False,0,0,10000,20261002,model+pair_id+source; cluster=base_task
