artifact_set_id,base_task_id,benign_matched_id,benign_weak_id,candidate_order,carrier_id,condition,desire_id,embedded_artifact_id,embedded_artifact_type,group_id,malicious_artifact_id,run_id,seed
T000_D01_ASET01,user_task_0,T000_D01_BM01,T000_D01_BW01,"[""T000_D01_BW01"", ""T000_D01_M01"", ""T000_D01_BM01""]",T000_D01_C01,UC_B,T000_D01,T000_D01_BM01,benign_matched,EXP1_T000_D01_C01,T000_D01_M01,EXP1_T000_D01_C01_UCB,1245
T000_D01_ASET01,user_task_0,T000_D01_BM01,T000_D01_BW01,"[""T000_D01_M01"", ""T000_D01_BM01"", ""T000_D01_BW01""]",T000_D01_C02,UC_B,T000_D01,T000_D01_BM01,benign_matched,EXP1_T000_D01_C02,T000_D01_M01,EXP1_T000_D01_C02_UCB,1246
T000_D01_ASET01,user_task_0,T000_D01_BM01,T000_D01_BW01,"[""T000_D01_BM01"", ""T000_D01_BW01"", ""T000_D01_M01""]",T000_D01_C03,UC_B,T000_D01,T000_D01_BM01,benign_matched,EXP1_T000_D01_C03,T000_D01_M01,EXP1_T000_D01_C03_UCB,1247
T000_D02_ASET01,user_task_0,T000_D02_BM01,T000_D02_BW01,"[""T000_D02_M01"", ""T000_D02_BM01"", ""T000_D02_BW01""]",T000_D02_C01,UC_B,T000_D02,T000_D02_BM01,benign_matched,EXP1_T000_D02_C01,T000_D02_M01,EXP1_T000_D02_C01_UCB,1255
T000_D02_ASET01,user_task_0,T000_D02_BM01,T000_D02_BW01,"[""T000_D02_BM01"", ""T000_D02_BW01"", ""T000_D02_M01""]",T000_D02_C02,UC_B,T000_D02,T000_D02_BM01,benign_matched,EXP1_T000_D02_C02,T000_D02_M01,EXP1_T000_D02_C02_UCB,1256
T000_D02_ASET01,user_task_0,T000_D02_BM01,T000_D02_BW01,"[""T000_D02_BW01"", ""T000_D02_M01"", ""T000_D02_BM01""]",T000_D02_C03,UC_B,T000_D02,T000_D02_BM01,benign_matched,EXP1_T000_D02_C03,T000_D02_M01,EXP1_T000_D02_C03_UCB,1257
T000_D03_ASET01,user_task_0,T000_D03_BM01,T000_D03_BW01,"[""T000_D03_BM01"", ""T000_D03_BW01"", ""T000_D03_M01""]",T000_D03_C01,UC_B,T000_D03,T000_D03_BM01,benign_matched,EXP1_T000_D03_C01,T000_D03_M01,EXP1_T000_D03_C01_UCB,1265
T000_D03_ASET01,user_task_0,T000_D03_BM01,T000_D03_BW01,"[""T000_D03_BW01"", ""T000_D03_M01"", ""T000_D03_BM01""]",T000_D03_C02,UC_B,T000_D03,T000_D03_BM01,benign_matched,EXP1_T000_D03_C02,T000_D03_M01,EXP1_T000_D03_C02_UCB,1266
T000_D03_ASET01,user_task_0,T000_D03_BM01,T000_D03_BW01,"[""T000_D03_M01"", ""T000_D03_BM01"", ""T000_D03_BW01""]",T000_D03_C03,UC_B,T000_D03,T000_D03_BM01,benign_matched,EXP1_T000_D03_C03,T000_D03_M01,EXP1_T000_D03_C03_UCB,1267
T001_D01_ASET01,user_task_1,T001_D01_BM01,T001_D01_BW01,"[""T001_D01_M01"", ""T001_D01_BM01"", ""T001_D01_BW01""]",T001_D01_C01,UC_B,T001_D01,T001_D01_BM01,benign_matched,EXP1_T001_D01_C01,T001_D01_M01,EXP1_T001_D01_C01_UCB,1345
T001_D01_ASET01,user_task_1,T001_D01_BM01,T001_D01_BW01,"[""T001_D01_BM01"", ""T001_D01_BW01"", ""T001_D01_M01""]",T001_D01_C02,UC_B,T001_D01,T001_D01_BM01,benign_matched,EXP1_T001_D01_C02,T001_D01_M01,EXP1_T001_D01_C02_UCB,1346
T001_D01_ASET01,user_task_1,T001_D01_BM01,T001_D01_BW01,"[""T001_D01_BW01"", ""T001_D01_M01"", ""T001_D01_BM01""]",T001_D01_C03,UC_B,T001_D01,T001_D01_BM01,benign_matched,EXP1_T001_D01_C03,T001_D01_M01,EXP1_T001_D01_C03_UCB,1347
T001_D02_ASET01,user_task_1,T001_D02_BM01,T001_D02_BW01,"[""T001_D02_BM01"", ""T001_D02_BW01"", ""T001_D02_M01""]",T001_D02_C01,UC_B,T001_D02,T001_D02_BM01,benign_matched,EXP1_T001_D02_C01,T001_D02_M01,EXP1_T001_D02_C01_UCB,1355
T001_D02_ASET01,user_task_1,T001_D02_BM01,T001_D02_BW01,"[""T001_D02_BW01"", ""T001_D02_M01"", ""T001_D02_BM01""]",T001_D02_C02,UC_B,T001_D02,T001_D02_BM01,benign_matched,EXP1_T001_D02_C02,T001_D02_M01,EXP1_T001_D02_C02_UCB,1356
T001_D02_ASET01,user_task_1,T001_D02_BM01,T001_D02_BW01,"[""T001_D02_M01"", ""T001_D02_BM01"", ""T001_D02_BW01""]",T001_D02_C03,UC_B,T001_D02,T001_D02_BM01,benign_matched,EXP1_T001_D02_C03,T001_D02_M01,EXP1_T001_D02_C03_UCB,1357
T001_D03_ASET01,user_task_1,T001_D03_BM01,T001_D03_BW01,"[""T001_D03_BW01"", ""T001_D03_M01"", ""T001_D03_BM01""]",T001_D03_C01,UC_B,T001_D03,T001_D03_BM01,benign_matched,EXP1_T001_D03_C01,T001_D03_M01,EXP1_T001_D03_C01_UCB,1365
T001_D03_ASET01,user_task_1,T001_D03_BM01,T001_D03_BW01,"[""T001_D03_M01"", ""T001_D03_BM01"", ""T001_D03_BW01""]",T001_D03_C02,UC_B,T001_D03,T001_D03_BM01,benign_matched,EXP1_T001_D03_C02,T001_D03_M01,EXP1_T001_D03_C02_UCB,1366
T001_D03_ASET01,user_task_1,T001_D03_BM01,T001_D03_BW01,"[""T001_D03_BM01"", ""T001_D03_BW01"", ""T001_D03_M01""]",T001_D03_C03,UC_B,T001_D03,T001_D03_BM01,benign_matched,EXP1_T001_D03_C03,T001_D03_M01,EXP1_T001_D03_C03_UCB,1367
T002_D01_ASET01,user_task_10,T002_D01_BM01,T002_D01_BW01,"[""T002_D01_BM01"", ""T002_D01_BW01"", ""T002_D01_M01""]",T002_D01_C01,UC_B,T002_D01,T002_D01_BM01,benign_matched,EXP1_T002_D01_C01,T002_D01_M01,EXP1_T002_D01_C01_UCB,1445
T002_D01_ASET01,user_task_10,T002_D01_BM01,T002_D01_BW01,"[""T002_D01_BW01"", ""T002_D01_M01"", ""T002_D01_BM01""]",T002_D01_C02,UC_B,T002_D01,T002_D01_BM01,benign_matched,EXP1_T002_D01_C02,T002_D01_M01,EXP1_T002_D01_C02_UCB,1446
T002_D01_ASET01,user_task_10,T002_D01_BM01,T002_D01_BW01,"[""T002_D01_M01"", ""T002_D01_BM01"", ""T002_D01_BW01""]",T002_D01_C03,UC_B,T002_D01,T002_D01_BM01,benign_matched,EXP1_T002_D01_C03,T002_D01_M01,EXP1_T002_D01_C03_UCB,1447
T002_D02_ASET01,user_task_10,T002_D02_BM01,T002_D02_BW01,"[""T002_D02_BW01"", ""T002_D02_M01"", ""T002_D02_BM01""]",T002_D02_C01,UC_B,T002_D02,T002_D02_BM01,benign_matched,EXP1_T002_D02_C01,T002_D02_M01,EXP1_T002_D02_C01_UCB,1455
T002_D02_ASET01,user_task_10,T002_D02_BM01,T002_D02_BW01,"[""T002_D02_M01"", ""T002_D02_BM01"", ""T002_D02_BW01""]",T002_D02_C02,UC_B,T002_D02,T002_D02_BM01,benign_matched,EXP1_T002_D02_C02,T002_D02_M01,EXP1_T002_D02_C02_UCB,1456
T002_D02_ASET01,user_task_10,T002_D02_BM01,T002_D02_BW01,"[""T002_D02_BM01"", ""T002_D02_BW01"", ""T002_D02_M01""]",T002_D02_C03,UC_B,T002_D02,T002_D02_BM01,benign_matched,EXP1_T002_D02_C03,T002_D02_M01,EXP1_T002_D02_C03_UCB,1457
T002_D03_ASET01,user_task_10,T002_D03_BM01,T002_D03_BW01,"[""T002_D03_M01"", ""T002_D03_BM01"", ""T002_D03_BW01""]",T002_D03_C01,UC_B,T002_D03,T002_D03_BM01,benign_matched,EXP1_T002_D03_C01,T002_D03_M01,EXP1_T002_D03_C01_UCB,1465
T002_D03_ASET01,user_task_10,T002_D03_BM01,T002_D03_BW01,"[""T002_D03_BM01"", ""T002_D03_BW01"", ""T002_D03_M01""]",T002_D03_C02,UC_B,T002_D03,T002_D03_BM01,benign_matched,EXP1_T002_D03_C02,T002_D03_M01,EXP1_T002_D03_C02_UCB,1466
T002_D03_ASET01,user_task_10,T002_D03_BM01,T002_D03_BW01,"[""T002_D03_BW01"", ""T002_D03_M01"", ""T002_D03_BM01""]",T002_D03_C03,UC_B,T002_D03,T002_D03_BM01,benign_matched,EXP1_T002_D03_C03,T002_D03_M01,EXP1_T002_D03_C03_UCB,1467
T003_D01_ASET01,user_task_11,T003_D01_BM01,T003_D01_BW01,"[""T003_D01_BW01"", ""T003_D01_M01"", ""T003_D01_BM01""]",T003_D01_C01,UC_B,T003_D01,T003_D01_BM01,benign_matched,EXP1_T003_D01_C01,T003_D01_M01,EXP1_T003_D01_C01_UCB,1545
T003_D01_ASET01,user_task_11,T003_D01_BM01,T003_D01_BW01,"[""T003_D01_M01"", ""T003_D01_BM01"", ""T003_D01_BW01""]",T003_D01_C02,UC_B,T003_D01,T003_D01_BM01,benign_matched,EXP1_T003_D01_C02,T003_D01_M01,EXP1_T003_D01_C02_UCB,1546
T003_D01_ASET01,user_task_11,T003_D01_BM01,T003_D01_BW01,"[""T003_D01_BM01"", ""T003_D01_BW01"", ""T003_D01_M01""]",T003_D01_C03,UC_B,T003_D01,T003_D01_BM01,benign_matched,EXP1_T003_D01_C03,T003_D01_M01,EXP1_T003_D01_C03_UCB,1547
T003_D02_ASET01,user_task_11,T003_D02_BM01,T003_D02_BW01,"[""T003_D02_M01"", ""T003_D02_BM01"", ""T003_D02_BW01""]",T003_D02_C01,UC_B,T003_D02,T003_D02_BM01,benign_matched,EXP1_T003_D02_C01,T003_D02_M01,EXP1_T003_D02_C01_UCB,1555
T003_D02_ASET01,user_task_11,T003_D02_BM01,T003_D02_BW01,"[""T003_D02_BM01"", ""T003_D02_BW01"", ""T003_D02_M01""]",T003_D02_C02,UC_B,T003_D02,T003_D02_BM01,benign_matched,EXP1_T003_D02_C02,T003_D02_M01,EXP1_T003_D02_C02_UCB,1556
T003_D02_ASET01,user_task_11,T003_D02_BM01,T003_D02_BW01,"[""T003_D02_BW01"", ""T003_D02_M01"", ""T003_D02_BM01""]",T003_D02_C03,UC_B,T003_D02,T003_D02_BM01,benign_matched,EXP1_T003_D02_C03,T003_D02_M01,EXP1_T003_D02_C03_UCB,1557
T003_D03_ASET01,user_task_11,T003_D03_BM01,T003_D03_BW01,"[""T003_D03_BM01"", ""T003_D03_BW01"", ""T003_D03_M01""]",T003_D03_C01,UC_B,T003_D03,T003_D03_BM01,benign_matched,EXP1_T003_D03_C01,T003_D03_M01,EXP1_T003_D03_C01_UCB,1565
T003_D03_ASET01,user_task_11,T003_D03_BM01,T003_D03_BW01,"[""T003_D03_BW01"", ""T003_D03_M01"", ""T003_D03_BM01""]",T003_D03_C02,UC_B,T003_D03,T003_D03_BM01,benign_matched,EXP1_T003_D03_C02,T003_D03_M01,EXP1_T003_D03_C02_UCB,1566
T003_D03_ASET01,user_task_11,T003_D03_BM01,T003_D03_BW01,"[""T003_D03_M01"", ""T003_D03_BM01"", ""T003_D03_BW01""]",T003_D03_C03,UC_B,T003_D03,T003_D03_BM01,benign_matched,EXP1_T003_D03_C03,T003_D03_M01,EXP1_T003_D03_C03_UCB,1567
T004_D01_ASET01,user_task_12,T004_D01_BM01,T004_D01_BW01,"[""T004_D01_M01"", ""T004_D01_BM01"", ""T004_D01_BW01""]",T004_D01_C01,UC_B,T004_D01,T004_D01_BM01,benign_matched,EXP1_T004_D01_C01,T004_D01_M01,EXP1_T004_D01_C01_UCB,1645
T004_D01_ASET01,user_task_12,T004_D01_BM01,T004_D01_BW01,"[""T004_D01_BM01"", ""T004_D01_BW01"", ""T004_D01_M01""]",T004_D01_C02,UC_B,T004_D01,T004_D01_BM01,benign_matched,EXP1_T004_D01_C02,T004_D01_M01,EXP1_T004_D01_C02_UCB,1646
T004_D01_ASET01,user_task_12,T004_D01_BM01,T004_D01_BW01,"[""T004_D01_BW01"", ""T004_D01_M01"", ""T004_D01_BM01""]",T004_D01_C03,UC_B,T004_D01,T004_D01_BM01,benign_matched,EXP1_T004_D01_C03,T004_D01_M01,EXP1_T004_D01_C03_UCB,1647
T004_D02_ASET01,user_task_12,T004_D02_BM01,T004_D02_BW01,"[""T004_D02_BM01"", ""T004_D02_BW01"", ""T004_D02_M01""]",T004_D02_C01,UC_B,T004_D02,T004_D02_BM01,benign_matched,EXP1_T004_D02_C01,T004_D02_M01,EXP1_T004_D02_C01_UCB,1655
T004_D02_ASET01,user_task_12,T004_D02_BM01,T004_D02_BW01,"[""T004_D02_BW01"", ""T004_D02_M01"", ""T004_D02_BM01""]",T004_D02_C02,UC_B,T004_D02,T004_D02_BM01,benign_matched,EXP1_T004_D02_C02,T004_D02_M01,EXP1_T004_D02_C02_UCB,1656
T004_D02_ASET01,user_task_12,T004_D02_BM01,T004_D02_BW01,"[""T004_D02_M01"", ""T004_D02_BM01"", ""T004_D02_BW01""]",T004_D02_C03,UC_B,T004_D02,T004_D02_BM01,benign_matched,EXP1_T004_D02_C03,T004_D02_M01,EXP1_T004_D02_C03_UCB,1657
T004_D03_ASET01,user_task_12,T004_D03_BM01,T004_D03_BW01,"[""T004_D03_BW01"", ""T004_D03_M01"", ""T004_D03_BM01""]",T004_D03_C01,UC_B,T004_D03,T004_D03_BM01,benign_matched,EXP1_T004_D03_C01,T004_D03_M01,EXP1_T004_D03_C01_UCB,1665
T004_D03_ASET01,user_task_12,T004_D03_BM01,T004_D03_BW01,"[""T004_D03_M01"", ""T004_D03_BM01"", ""T004_D03_BW01""]",T004_D03_C02,UC_B,T004_D03,T004_D03_BM01,benign_matched,EXP1_T004_D03_C02,T004_D03_M01,EXP1_T004_D03_C02_UCB,1666
T004_D03_ASET01,user_task_12,T004_D03_BM01,T004_D03_BW01,"[""T004_D03_BM01"", ""T004_D03_BW01"", ""T004_D03_M01""]",T004_D03_C03,UC_B,T004_D03,T004_D03_BM01,benign_matched,EXP1_T004_D03_C03,T004_D03_M01,EXP1_T004_D03_C03_UCB,1667
T005_D01_ASET01,user_task_13,T005_D01_BM01,T005_D01_BW01,"[""T005_D01_BM01"", ""T005_D01_BW01"", ""T005_D01_M01""]",T005_D01_C01,UC_B,T005_D01,T005_D01_BM01,benign_matched,EXP1_T005_D01_C01,T005_D01_M01,EXP1_T005_D01_C01_UCB,1745
T005_D01_ASET01,user_task_13,T005_D01_BM01,T005_D01_BW01,"[""T005_D01_BW01"", ""T005_D01_M01"", ""T005_D01_BM01""]",T005_D01_C02,UC_B,T005_D01,T005_D01_BM01,benign_matched,EXP1_T005_D01_C02,T005_D01_M01,EXP1_T005_D01_C02_UCB,1746
T005_D01_ASET01,user_task_13,T005_D01_BM01,T005_D01_BW01,"[""T005_D01_M01"", ""T005_D01_BM01"", ""T005_D01_BW01""]",T005_D01_C03,UC_B,T005_D01,T005_D01_BM01,benign_matched,EXP1_T005_D01_C03,T005_D01_M01,EXP1_T005_D01_C03_UCB,1747
T005_D02_ASET01,user_task_13,T005_D02_BM01,T005_D02_BW01,"[""T005_D02_BW01"", ""T005_D02_M01"", ""T005_D02_BM01""]",T005_D02_C01,UC_B,T005_D02,T005_D02_BM01,benign_matched,EXP1_T005_D02_C01,T005_D02_M01,EXP1_T005_D02_C01_UCB,1755
T005_D02_ASET01,user_task_13,T005_D02_BM01,T005_D02_BW01,"[""T005_D02_M01"", ""T005_D02_BM01"", ""T005_D02_BW01""]",T005_D02_C02,UC_B,T005_D02,T005_D02_BM01,benign_matched,EXP1_T005_D02_C02,T005_D02_M01,EXP1_T005_D02_C02_UCB,1756
T005_D02_ASET01,user_task_13,T005_D02_BM01,T005_D02_BW01,"[""T005_D02_BM01"", ""T005_D02_BW01"", ""T005_D02_M01""]",T005_D02_C03,UC_B,T005_D02,T005_D02_BM01,benign_matched,EXP1_T005_D02_C03,T005_D02_M01,EXP1_T005_D02_C03_UCB,1757
T005_D03_ASET01,user_task_13,T005_D03_BM01,T005_D03_BW01,"[""T005_D03_M01"", ""T005_D03_BM01"", ""T005_D03_BW01""]",T005_D03_C01,UC_B,T005_D03,T005_D03_BM01,benign_matched,EXP1_T005_D03_C01,T005_D03_M01,EXP1_T005_D03_C01_UCB,1765
T005_D03_ASET01,user_task_13,T005_D03_BM01,T005_D03_BW01,"[""T005_D03_BM01"", ""T005_D03_BW01"", ""T005_D03_M01""]",T005_D03_C02,UC_B,T005_D03,T005_D03_BM01,benign_matched,EXP1_T005_D03_C02,T005_D03_M01,EXP1_T005_D03_C02_UCB,1766
T005_D03_ASET01,user_task_13,T005_D03_BM01,T005_D03_BW01,"[""T005_D03_BW01"", ""T005_D03_M01"", ""T005_D03_BM01""]",T005_D03_C03,UC_B,T005_D03,T005_D03_BM01,benign_matched,EXP1_T005_D03_C03,T005_D03_M01,EXP1_T005_D03_C03_UCB,1767
T006_D01_ASET01,user_task_14,T006_D01_BM01,T006_D01_BW01,"[""T006_D01_BW01"", ""T006_D01_M01"", ""T006_D01_BM01""]",T006_D01_C01,UC_B,T006_D01,T006_D01_BM01,benign_matched,EXP1_T006_D01_C01,T006_D01_M01,EXP1_T006_D01_C01_UCB,1845
T006_D01_ASET01,user_task_14,T006_D01_BM01,T006_D01_BW01,"[""T006_D01_M01"", ""T006_D01_BM01"", ""T006_D01_BW01""]",T006_D01_C02,UC_B,T006_D01,T006_D01_BM01,benign_matched,EXP1_T006_D01_C02,T006_D01_M01,EXP1_T006_D01_C02_UCB,1846
T006_D01_ASET01,user_task_14,T006_D01_BM01,T006_D01_BW01,"[""T006_D01_BM01"", ""T006_D01_BW01"", ""T006_D01_M01""]",T006_D01_C03,UC_B,T006_D01,T006_D01_BM01,benign_matched,EXP1_T006_D01_C03,T006_D01_M01,EXP1_T006_D01_C03_UCB,1847
T006_D02_ASET01,user_task_14,T006_D02_BM01,T006_D02_BW01,"[""T006_D02_M01"", ""T006_D02_BM01"", ""T006_D02_BW01""]",T006_D02_C01,UC_B,T006_D02,T006_D02_BM01,benign_matched,EXP1_T006_D02_C01,T006_D02_M01,EXP1_T006_D02_C01_UCB,1855
T006_D02_ASET01,user_task_14,T006_D02_BM01,T006_D02_BW01,"[""T006_D02_BM01"", ""T006_D02_BW01"", ""T006_D02_M01""]",T006_D02_C02,UC_B,T006_D02,T006_D02_BM01,benign_matched,EXP1_T006_D02_C02,T006_D02_M01,EXP1_T006_D02_C02_UCB,1856
T006_D02_ASET01,user_task_14,T006_D02_BM01,T006_D02_BW01,"[""T006_D02_BW01"", ""T006_D02_M01"", ""T006_D02_BM01""]",T006_D02_C03,UC_B,T006_D02,T006_D02_BM01,benign_matched,EXP1_T006_D02_C03,T006_D02_M01,EXP1_T006_D02_C03_UCB,1857
T006_D03_ASET01,user_task_14,T006_D03_BM01,T006_D03_BW01,"[""T006_D03_BM01"", ""T006_D03_BW01"", ""T006_D03_M01""]",T006_D03_C01,UC_B,T006_D03,T006_D03_BM01,benign_matched,EXP1_T006_D03_C01,T006_D03_M01,EXP1_T006_D03_C01_UCB,1865
T006_D03_ASET01,user_task_14,T006_D03_BM01,T006_D03_BW01,"[""T006_D03_BW01"", ""T006_D03_M01"", ""T006_D03_BM01""]",T006_D03_C02,UC_B,T006_D03,T006_D03_BM01,benign_matched,EXP1_T006_D03_C02,T006_D03_M01,EXP1_T006_D03_C02_UCB,1866
T006_D03_ASET01,user_task_14,T006_D03_BM01,T006_D03_BW01,"[""T006_D03_M01"", ""T006_D03_BM01"", ""T006_D03_BW01""]",T006_D03_C03,UC_B,T006_D03,T006_D03_BM01,benign_matched,EXP1_T006_D03_C03,T006_D03_M01,EXP1_T006_D03_C03_UCB,1867
T007_D01_ASET01,user_task_15,T007_D01_BM01,T007_D01_BW01,"[""T007_D01_M01"", ""T007_D01_BM01"", ""T007_D01_BW01""]",T007_D01_C01,UC_B,T007_D01,T007_D01_BM01,benign_matched,EXP1_T007_D01_C01,T007_D01_M01,EXP1_T007_D01_C01_UCB,1945
T007_D01_ASET01,user_task_15,T007_D01_BM01,T007_D01_BW01,"[""T007_D01_BM01"", ""T007_D01_BW01"", ""T007_D01_M01""]",T007_D01_C02,UC_B,T007_D01,T007_D01_BM01,benign_matched,EXP1_T007_D01_C02,T007_D01_M01,EXP1_T007_D01_C02_UCB,1946
T007_D01_ASET01,user_task_15,T007_D01_BM01,T007_D01_BW01,"[""T007_D01_BW01"", ""T007_D01_M01"", ""T007_D01_BM01""]",T007_D01_C03,UC_B,T007_D01,T007_D01_BM01,benign_matched,EXP1_T007_D01_C03,T007_D01_M01,EXP1_T007_D01_C03_UCB,1947
T007_D02_ASET01,user_task_15,T007_D02_BM01,T007_D02_BW01,"[""T007_D02_BM01"", ""T007_D02_BW01"", ""T007_D02_M01""]",T007_D02_C01,UC_B,T007_D02,T007_D02_BM01,benign_matched,EXP1_T007_D02_C01,T007_D02_M01,EXP1_T007_D02_C01_UCB,1955
T007_D02_ASET01,user_task_15,T007_D02_BM01,T007_D02_BW01,"[""T007_D02_BW01"", ""T007_D02_M01"", ""T007_D02_BM01""]",T007_D02_C02,UC_B,T007_D02,T007_D02_BM01,benign_matched,EXP1_T007_D02_C02,T007_D02_M01,EXP1_T007_D02_C02_UCB,1956
T007_D02_ASET01,user_task_15,T007_D02_BM01,T007_D02_BW01,"[""T007_D02_M01"", ""T007_D02_BM01"", ""T007_D02_BW01""]",T007_D02_C03,UC_B,T007_D02,T007_D02_BM01,benign_matched,EXP1_T007_D02_C03,T007_D02_M01,EXP1_T007_D02_C03_UCB,1957
T007_D03_ASET01,user_task_15,T007_D03_BM01,T007_D03_BW01,"[""T007_D03_BW01"", ""T007_D03_M01"", ""T007_D03_BM01""]",T007_D03_C01,UC_B,T007_D03,T007_D03_BM01,benign_matched,EXP1_T007_D03_C01,T007_D03_M01,EXP1_T007_D03_C01_UCB,1965
T007_D03_ASET01,user_task_15,T007_D03_BM01,T007_D03_BW01,"[""T007_D03_M01"", ""T007_D03_BM01"", ""T007_D03_BW01""]",T007_D03_C02,UC_B,T007_D03,T007_D03_BM01,benign_matched,EXP1_T007_D03_C02,T007_D03_M01,EXP1_T007_D03_C02_UCB,1966
T007_D03_ASET01,user_task_15,T007_D03_BM01,T007_D03_BW01,"[""T007_D03_BM01"", ""T007_D03_BW01"", ""T007_D03_M01""]",T007_D03_C03,UC_B,T007_D03,T007_D03_BM01,benign_matched,EXP1_T007_D03_C03,T007_D03_M01,EXP1_T007_D03_C03_UCB,1967
T008_D01_ASET01,user_task_16,T008_D01_BM01,T008_D01_BW01,"[""T008_D01_BM01"", ""T008_D01_BW01"", ""T008_D01_M01""]",T008_D01_C01,UC_B,T008_D01,T008_D01_BM01,benign_matched,EXP1_T008_D01_C01,T008_D01_M01,EXP1_T008_D01_C01_UCB,2045
T008_D01_ASET01,user_task_16,T008_D01_BM01,T008_D01_BW01,"[""T008_D01_BW01"", ""T008_D01_M01"", ""T008_D01_BM01""]",T008_D01_C02,UC_B,T008_D01,T008_D01_BM01,benign_matched,EXP1_T008_D01_C02,T008_D01_M01,EXP1_T008_D01_C02_UCB,2046
T008_D01_ASET01,user_task_16,T008_D01_BM01,T008_D01_BW01,"[""T008_D01_M01"", ""T008_D01_BM01"", ""T008_D01_BW01""]",T008_D01_C03,UC_B,T008_D01,T008_D01_BM01,benign_matched,EXP1_T008_D01_C03,T008_D01_M01,EXP1_T008_D01_C03_UCB,2047
T008_D02_ASET01,user_task_16,T008_D02_BM01,T008_D02_BW01,"[""T008_D02_BW01"", ""T008_D02_M01"", ""T008_D02_BM01""]",T008_D02_C01,UC_B,T008_D02,T008_D02_BM01,benign_matched,EXP1_T008_D02_C01,T008_D02_M01,EXP1_T008_D02_C01_UCB,2055
T008_D02_ASET01,user_task_16,T008_D02_BM01,T008_D02_BW01,"[""T008_D02_M01"", ""T008_D02_BM01"", ""T008_D02_BW01""]",T008_D02_C02,UC_B,T008_D02,T008_D02_BM01,benign_matched,EXP1_T008_D02_C02,T008_D02_M01,EXP1_T008_D02_C02_UCB,2056
T008_D02_ASET01,user_task_16,T008_D02_BM01,T008_D02_BW01,"[""T008_D02_BM01"", ""T008_D02_BW01"", ""T008_D02_M01""]",T008_D02_C03,UC_B,T008_D02,T008_D02_BM01,benign_matched,EXP1_T008_D02_C03,T008_D02_M01,EXP1_T008_D02_C03_UCB,2057
T008_D03_ASET01,user_task_16,T008_D03_BM01,T008_D03_BW01,"[""T008_D03_M01"", ""T008_D03_BM01"", ""T008_D03_BW01""]",T008_D03_C01,UC_B,T008_D03,T008_D03_BM01,benign_matched,EXP1_T008_D03_C01,T008_D03_M01,EXP1_T008_D03_C01_UCB,2065
T008_D03_ASET01,user_task_16,T008_D03_BM01,T008_D03_BW01,"[""T008_D03_BM01"", ""T008_D03_BW01"", ""T008_D03_M01""]",T008_D03_C02,UC_B,T008_D03,T008_D03_BM01,benign_matched,EXP1_T008_D03_C02,T008_D03_M01,EXP1_T008_D03_C02_UCB,2066
T008_D03_ASET01,user_task_16,T008_D03_BM01,T008_D03_BW01,"[""T008_D03_BW01"", ""T008_D03_M01"", ""T008_D03_BM01""]",T008_D03_C03,UC_B,T008_D03,T008_D03_BM01,benign_matched,EXP1_T008_D03_C03,T008_D03_M01,EXP1_T008_D03_C03_UCB,2067
T009_D01_ASET01,user_task_17,T009_D01_BM01,T009_D01_BW01,"[""T009_D01_BW01"", ""T009_D01_M01"", ""T009_D01_BM01""]",T009_D01_C01,UC_B,T009_D01,T009_D01_BM01,benign_matched,EXP1_T009_D01_C01,T009_D01_M01,EXP1_T009_D01_C01_UCB,2145
T009_D01_ASET01,user_task_17,T009_D01_BM01,T009_D01_BW01,"[""T009_D01_M01"", ""T009_D01_BM01"", ""T009_D01_BW01""]",T009_D01_C02,UC_B,T009_D01,T009_D01_BM01,benign_matched,EXP1_T009_D01_C02,T009_D01_M01,EXP1_T009_D01_C02_UCB,2146
T009_D01_ASET01,user_task_17,T009_D01_BM01,T009_D01_BW01,"[""T009_D01_BM01"", ""T009_D01_BW01"", ""T009_D01_M01""]",T009_D01_C03,UC_B,T009_D01,T009_D01_BM01,benign_matched,EXP1_T009_D01_C03,T009_D01_M01,EXP1_T009_D01_C03_UCB,2147
T009_D02_ASET01,user_task_17,T009_D02_BM01,T009_D02_BW01,"[""T009_D02_M01"", ""T009_D02_BM01"", ""T009_D02_BW01""]",T009_D02_C01,UC_B,T009_D02,T009_D02_BM01,benign_matched,EXP1_T009_D02_C01,T009_D02_M01,EXP1_T009_D02_C01_UCB,2155
T009_D02_ASET01,user_task_17,T009_D02_BM01,T009_D02_BW01,"[""T009_D02_BM01"", ""T009_D02_BW01"", ""T009_D02_M01""]",T009_D02_C02,UC_B,T009_D02,T009_D02_BM01,benign_matched,EXP1_T009_D02_C02,T009_D02_M01,EXP1_T009_D02_C02_UCB,2156
T009_D02_ASET01,user_task_17,T009_D02_BM01,T009_D02_BW01,"[""T009_D02_BW01"", ""T009_D02_M01"", ""T009_D02_BM01""]",T009_D02_C03,UC_B,T009_D02,T009_D02_BM01,benign_matched,EXP1_T009_D02_C03,T009_D02_M01,EXP1_T009_D02_C03_UCB,2157
T009_D03_ASET01,user_task_17,T009_D03_BM01,T009_D03_BW01,"[""T009_D03_BM01"", ""T009_D03_BW01"", ""T009_D03_M01""]",T009_D03_C01,UC_B,T009_D03,T009_D03_BM01,benign_matched,EXP1_T009_D03_C01,T009_D03_M01,EXP1_T009_D03_C01_UCB,2165
T009_D03_ASET01,user_task_17,T009_D03_BM01,T009_D03_BW01,"[""T009_D03_BW01"", ""T009_D03_M01"", ""T009_D03_BM01""]",T009_D03_C02,UC_B,T009_D03,T009_D03_BM01,benign_matched,EXP1_T009_D03_C02,T009_D03_M01,EXP1_T009_D03_C02_UCB,2166
T009_D03_ASET01,user_task_17,T009_D03_BM01,T009_D03_BW01,"[""T009_D03_M01"", ""T009_D03_BM01"", ""T009_D03_BW01""]",T009_D03_C03,UC_B,T009_D03,T009_D03_BM01,benign_matched,EXP1_T009_D03_C03,T009_D03_M01,EXP1_T009_D03_C03_UCB,2167
T010_D01_ASET01,user_task_18,T010_D01_BM01,T010_D01_BW01,"[""T010_D01_M01"", ""T010_D01_BM01"", ""T010_D01_BW01""]",T010_D01_C01,UC_B,T010_D01,T010_D01_BM01,benign_matched,EXP1_T010_D01_C01,T010_D01_M01,EXP1_T010_D01_C01_UCB,2245
T010_D01_ASET01,user_task_18,T010_D01_BM01,T010_D01_BW01,"[""T010_D01_BM01"", ""T010_D01_BW01"", ""T010_D01_M01""]",T010_D01_C02,UC_B,T010_D01,T010_D01_BM01,benign_matched,EXP1_T010_D01_C02,T010_D01_M01,EXP1_T010_D01_C02_UCB,2246
T010_D01_ASET01,user_task_18,T010_D01_BM01,T010_D01_BW01,"[""T010_D01_BW01"", ""T010_D01_M01"", ""T010_D01_BM01""]",T010_D01_C03,UC_B,T010_D01,T010_D01_BM01,benign_matched,EXP1_T010_D01_C03,T010_D01_M01,EXP1_T010_D01_C03_UCB,2247
T010_D02_ASET01,user_task_18,T010_D02_BM01,T010_D02_BW01,"[""T010_D02_BM01"", ""T010_D02_BW01"", ""T010_D02_M01""]",T010_D02_C01,UC_B,T010_D02,T010_D02_BM01,benign_matched,EXP1_T010_D02_C01,T010_D02_M01,EXP1_T010_D02_C01_UCB,2255
T010_D02_ASET01,user_task_18,T010_D02_BM01,T010_D02_BW01,"[""T010_D02_BW01"", ""T010_D02_M01"", ""T010_D02_BM01""]",T010_D02_C02,UC_B,T010_D02,T010_D02_BM01,benign_matched,EXP1_T010_D02_C02,T010_D02_M01,EXP1_T010_D02_C02_UCB,2256
T010_D02_ASET01,user_task_18,T010_D02_BM01,T010_D02_BW01,"[""T010_D02_M01"", ""T010_D02_BM01"", ""T010_D02_BW01""]",T010_D02_C03,UC_B,T010_D02,T010_D02_BM01,benign_matched,EXP1_T010_D02_C03,T010_D02_M01,EXP1_T010_D02_C03_UCB,2257
T010_D03_ASET01,user_task_18,T010_D03_BM01,T010_D03_BW01,"[""T010_D03_BW01"", ""T010_D03_M01"", ""T010_D03_BM01""]",T010_D03_C01,UC_B,T010_D03,T010_D03_BM01,benign_matched,EXP1_T010_D03_C01,T010_D03_M01,EXP1_T010_D03_C01_UCB,2265
T010_D03_ASET01,user_task_18,T010_D03_BM01,T010_D03_BW01,"[""T010_D03_M01"", ""T010_D03_BM01"", ""T010_D03_BW01""]",T010_D03_C02,UC_B,T010_D03,T010_D03_BM01,benign_matched,EXP1_T010_D03_C02,T010_D03_M01,EXP1_T010_D03_C02_UCB,2266
T010_D03_ASET01,user_task_18,T010_D03_BM01,T010_D03_BW01,"[""T010_D03_BM01"", ""T010_D03_BW01"", ""T010_D03_M01""]",T010_D03_C03,UC_B,T010_D03,T010_D03_BM01,benign_matched,EXP1_T010_D03_C03,T010_D03_M01,EXP1_T010_D03_C03_UCB,2267
T011_D01_ASET01,user_task_19,T011_D01_BM01,T011_D01_BW01,"[""T011_D01_BM01"", ""T011_D01_BW01"", ""T011_D01_M01""]",T011_D01_C01,UC_B,T011_D01,T011_D01_BM01,benign_matched,EXP1_T011_D01_C01,T011_D01_M01,EXP1_T011_D01_C01_UCB,2345
T011_D01_ASET01,user_task_19,T011_D01_BM01,T011_D01_BW01,"[""T011_D01_BW01"", ""T011_D01_M01"", ""T011_D01_BM01""]",T011_D01_C02,UC_B,T011_D01,T011_D01_BM01,benign_matched,EXP1_T011_D01_C02,T011_D01_M01,EXP1_T011_D01_C02_UCB,2346
T011_D01_ASET01,user_task_19,T011_D01_BM01,T011_D01_BW01,"[""T011_D01_M01"", ""T011_D01_BM01"", ""T011_D01_BW01""]",T011_D01_C03,UC_B,T011_D01,T011_D01_BM01,benign_matched,EXP1_T011_D01_C03,T011_D01_M01,EXP1_T011_D01_C03_UCB,2347
T011_D02_ASET01,user_task_19,T011_D02_BM01,T011_D02_BW01,"[""T011_D02_BW01"", ""T011_D02_M01"", ""T011_D02_BM01""]",T011_D02_C01,UC_B,T011_D02,T011_D02_BM01,benign_matched,EXP1_T011_D02_C01,T011_D02_M01,EXP1_T011_D02_C01_UCB,2355
T011_D02_ASET01,user_task_19,T011_D02_BM01,T011_D02_BW01,"[""T011_D02_M01"", ""T011_D02_BM01"", ""T011_D02_BW01""]",T011_D02_C02,UC_B,T011_D02,T011_D02_BM01,benign_matched,EXP1_T011_D02_C02,T011_D02_M01,EXP1_T011_D02_C02_UCB,2356
T011_D02_ASET01,user_task_19,T011_D02_BM01,T011_D02_BW01,"[""T011_D02_BM01"", ""T011_D02_BW01"", ""T011_D02_M01""]",T011_D02_C03,UC_B,T011_D02,T011_D02_BM01,benign_matched,EXP1_T011_D02_C03,T011_D02_M01,EXP1_T011_D02_C03_UCB,2357
T011_D03_ASET01,user_task_19,T011_D03_BM01,T011_D03_BW01,"[""T011_D03_M01"", ""T011_D03_BM01"", ""T011_D03_BW01""]",T011_D03_C01,UC_B,T011_D03,T011_D03_BM01,benign_matched,EXP1_T011_D03_C01,T011_D03_M01,EXP1_T011_D03_C01_UCB,2365
T011_D03_ASET01,user_task_19,T011_D03_BM01,T011_D03_BW01,"[""T011_D03_BM01"", ""T011_D03_BW01"", ""T011_D03_M01""]",T011_D03_C02,UC_B,T011_D03,T011_D03_BM01,benign_matched,EXP1_T011_D03_C02,T011_D03_M01,EXP1_T011_D03_C02_UCB,2366
T011_D03_ASET01,user_task_19,T011_D03_BM01,T011_D03_BW01,"[""T011_D03_BW01"", ""T011_D03_M01"", ""T011_D03_BM01""]",T011_D03_C03,UC_B,T011_D03,T011_D03_BM01,benign_matched,EXP1_T011_D03_C03,T011_D03_M01,EXP1_T011_D03_C03_UCB,2367
T012_D01_ASET01,user_task_2,T012_D01_BM01,T012_D01_BW01,"[""T012_D01_BW01"", ""T012_D01_M01"", ""T012_D01_BM01""]",T012_D01_C01,UC_B,T012_D01,T012_D01_BM01,benign_matched,EXP1_T012_D01_C01,T012_D01_M01,EXP1_T012_D01_C01_UCB,2445
T012_D01_ASET01,user_task_2,T012_D01_BM01,T012_D01_BW01,"[""T012_D01_M01"", ""T012_D01_BM01"", ""T012_D01_BW01""]",T012_D01_C02,UC_B,T012_D01,T012_D01_BM01,benign_matched,EXP1_T012_D01_C02,T012_D01_M01,EXP1_T012_D01_C02_UCB,2446
T012_D01_ASET01,user_task_2,T012_D01_BM01,T012_D01_BW01,"[""T012_D01_BM01"", ""T012_D01_BW01"", ""T012_D01_M01""]",T012_D01_C03,UC_B,T012_D01,T012_D01_BM01,benign_matched,EXP1_T012_D01_C03,T012_D01_M01,EXP1_T012_D01_C03_UCB,2447
T012_D02_ASET01,user_task_2,T012_D02_BM01,T012_D02_BW01,"[""T012_D02_M01"", ""T012_D02_BM01"", ""T012_D02_BW01""]",T012_D02_C01,UC_B,T012_D02,T012_D02_BM01,benign_matched,EXP1_T012_D02_C01,T012_D02_M01,EXP1_T012_D02_C01_UCB,2455
T012_D02_ASET01,user_task_2,T012_D02_BM01,T012_D02_BW01,"[""T012_D02_BM01"", ""T012_D02_BW01"", ""T012_D02_M01""]",T012_D02_C02,UC_B,T012_D02,T012_D02_BM01,benign_matched,EXP1_T012_D02_C02,T012_D02_M01,EXP1_T012_D02_C02_UCB,2456
T012_D02_ASET01,user_task_2,T012_D02_BM01,T012_D02_BW01,"[""T012_D02_BW01"", ""T012_D02_M01"", ""T012_D02_BM01""]",T012_D02_C03,UC_B,T012_D02,T012_D02_BM01,benign_matched,EXP1_T012_D02_C03,T012_D02_M01,EXP1_T012_D02_C03_UCB,2457
T012_D03_ASET01,user_task_2,T012_D03_BM01,T012_D03_BW01,"[""T012_D03_BM01"", ""T012_D03_BW01"", ""T012_D03_M01""]",T012_D03_C01,UC_B,T012_D03,T012_D03_BM01,benign_matched,EXP1_T012_D03_C01,T012_D03_M01,EXP1_T012_D03_C01_UCB,2465
T012_D03_ASET01,user_task_2,T012_D03_BM01,T012_D03_BW01,"[""T012_D03_BW01"", ""T012_D03_M01"", ""T012_D03_BM01""]",T012_D03_C02,UC_B,T012_D03,T012_D03_BM01,benign_matched,EXP1_T012_D03_C02,T012_D03_M01,EXP1_T012_D03_C02_UCB,2466
T012_D03_ASET01,user_task_2,T012_D03_BM01,T012_D03_BW01,"[""T012_D03_M01"", ""T012_D03_BM01"", ""T012_D03_BW01""]",T012_D03_C03,UC_B,T012_D03,T012_D03_BM01,benign_matched,EXP1_T012_D03_C03,T012_D03_M01,EXP1_T012_D03_C03_UCB,2467
T013_D01_ASET01,user_task_3,T013_D01_BM01,T013_D01_BW01,"[""T013_D01_M01"", ""T013_D01_BM01"", ""T013_D01_BW01""]",T013_D01_C01,UC_B,T013_D01,T013_D01_BM01,benign_matched,EXP1_T013_D01_C01,T013_D01_M01,EXP1_T013_D01_C01_UCB,2545
T013_D01_ASET01,user_task_3,T013_D01_BM01,T013_D01_BW01,"[""T013_D01_BM01"", ""T013_D01_BW01"", ""T013_D01_M01""]",T013_D01_C02,UC_B,T013_D01,T013_D01_BM01,benign_matched,EXP1_T013_D01_C02,T013_D01_M01,EXP1_T013_D01_C02_UCB,2546
T013_D01_ASET01,user_task_3,T013_D01_BM01,T013_D01_BW01,"[""T013_D01_BW01"", ""T013_D01_M01"", ""T013_D01_BM01""]",T013_D01_C03,UC_B,T013_D01,T013_D01_BM01,benign_matched,EXP1_T013_D01_C03,T013_D01_M01,EXP1_T013_D01_C03_UCB,2547
T013_D02_ASET01,user_task_3,T013_D02_BM01,T013_D02_BW01,"[""T013_D02_BM01"", ""T013_D02_BW01"", ""T013_D02_M01""]",T013_D02_C01,UC_B,T013_D02,T013_D02_BM01,benign_matched,EXP1_T013_D02_C01,T013_D02_M01,EXP1_T013_D02_C01_UCB,2555
T013_D02_ASET01,user_task_3,T013_D02_BM01,T013_D02_BW01,"[""T013_D02_BW01"", ""T013_D02_M01"", ""T013_D02_BM01""]",T013_D02_C02,UC_B,T013_D02,T013_D02_BM01,benign_matched,EXP1_T013_D02_C02,T013_D02_M01,EXP1_T013_D02_C02_UCB,2556
T013_D02_ASET01,user_task_3,T013_D02_BM01,T013_D02_BW01,"[""T013_D02_M01"", ""T013_D02_BM01"", ""T013_D02_BW01""]",T013_D02_C03,UC_B,T013_D02,T013_D02_BM01,benign_matched,EXP1_T013_D02_C03,T013_D02_M01,EXP1_T013_D02_C03_UCB,2557
T013_D03_ASET01,user_task_3,T013_D03_BM01,T013_D03_BW01,"[""T013_D03_BW01"", ""T013_D03_M01"", ""T013_D03_BM01""]",T013_D03_C01,UC_B,T013_D03,T013_D03_BM01,benign_matched,EXP1_T013_D03_C01,T013_D03_M01,EXP1_T013_D03_C01_UCB,2565
T013_D03_ASET01,user_task_3,T013_D03_BM01,T013_D03_BW01,"[""T013_D03_M01"", ""T013_D03_BM01"", ""T013_D03_BW01""]",T013_D03_C02,UC_B,T013_D03,T013_D03_BM01,benign_matched,EXP1_T013_D03_C02,T013_D03_M01,EXP1_T013_D03_C02_UCB,2566
T013_D03_ASET01,user_task_3,T013_D03_BM01,T013_D03_BW01,"[""T013_D03_BM01"", ""T013_D03_BW01"", ""T013_D03_M01""]",T013_D03_C03,UC_B,T013_D03,T013_D03_BM01,benign_matched,EXP1_T013_D03_C03,T013_D03_M01,EXP1_T013_D03_C03_UCB,2567
T014_D01_ASET01,user_task_4,T014_D01_BM01,T014_D01_BW01,"[""T014_D01_BM01"", ""T014_D01_BW01"", ""T014_D01_M01""]",T014_D01_C01,UC_B,T014_D01,T014_D01_BM01,benign_matched,EXP1_T014_D01_C01,T014_D01_M01,EXP1_T014_D01_C01_UCB,2645
T014_D01_ASET01,user_task_4,T014_D01_BM01,T014_D01_BW01,"[""T014_D01_BW01"", ""T014_D01_M01"", ""T014_D01_BM01""]",T014_D01_C02,UC_B,T014_D01,T014_D01_BM01,benign_matched,EXP1_T014_D01_C02,T014_D01_M01,EXP1_T014_D01_C02_UCB,2646
T014_D01_ASET01,user_task_4,T014_D01_BM01,T014_D01_BW01,"[""T014_D01_M01"", ""T014_D01_BM01"", ""T014_D01_BW01""]",T014_D01_C03,UC_B,T014_D01,T014_D01_BM01,benign_matched,EXP1_T014_D01_C03,T014_D01_M01,EXP1_T014_D01_C03_UCB,2647
T014_D02_ASET01,user_task_4,T014_D02_BM01,T014_D02_BW01,"[""T014_D02_BW01"", ""T014_D02_M01"", ""T014_D02_BM01""]",T014_D02_C01,UC_B,T014_D02,T014_D02_BM01,benign_matched,EXP1_T014_D02_C01,T014_D02_M01,EXP1_T014_D02_C01_UCB,2655
T014_D02_ASET01,user_task_4,T014_D02_BM01,T014_D02_BW01,"[""T014_D02_M01"", ""T014_D02_BM01"", ""T014_D02_BW01""]",T014_D02_C02,UC_B,T014_D02,T014_D02_BM01,benign_matched,EXP1_T014_D02_C02,T014_D02_M01,EXP1_T014_D02_C02_UCB,2656
T014_D02_ASET01,user_task_4,T014_D02_BM01,T014_D02_BW01,"[""T014_D02_BM01"", ""T014_D02_BW01"", ""T014_D02_M01""]",T014_D02_C03,UC_B,T014_D02,T014_D02_BM01,benign_matched,EXP1_T014_D02_C03,T014_D02_M01,EXP1_T014_D02_C03_UCB,2657
T014_D03_ASET01,user_task_4,T014_D03_BM01,T014_D03_BW01,"[""T014_D03_M01"", ""T014_D03_BM01"", ""T014_D03_BW01""]",T014_D03_C01,UC_B,T014_D03,T014_D03_BM01,benign_matched,EXP1_T014_D03_C01,T014_D03_M01,EXP1_T014_D03_C01_UCB,2665
T014_D03_ASET01,user_task_4,T014_D03_BM01,T014_D03_BW01,"[""T014_D03_BM01"", ""T014_D03_BW01"", ""T014_D03_M01""]",T014_D03_C02,UC_B,T014_D03,T014_D03_BM01,benign_matched,EXP1_T014_D03_C02,T014_D03_M01,EXP1_T014_D03_C02_UCB,2666
T014_D03_ASET01,user_task_4,T014_D03_BM01,T014_D03_BW01,"[""T014_D03_BW01"", ""T014_D03_M01"", ""T014_D03_BM01""]",T014_D03_C03,UC_B,T014_D03,T014_D03_BM01,benign_matched,EXP1_T014_D03_C03,T014_D03_M01,EXP1_T014_D03_C03_UCB,2667
T015_D01_ASET01,user_task_5,T015_D01_BM01,T015_D01_BW01,"[""T015_D01_BW01"", ""T015_D01_M01"", ""T015_D01_BM01""]",T015_D01_C01,UC_B,T015_D01,T015_D01_BM01,benign_matched,EXP1_T015_D01_C01,T015_D01_M01,EXP1_T015_D01_C01_UCB,2745
T015_D01_ASET01,user_task_5,T015_D01_BM01,T015_D01_BW01,"[""T015_D01_M01"", ""T015_D01_BM01"", ""T015_D01_BW01""]",T015_D01_C02,UC_B,T015_D01,T015_D01_BM01,benign_matched,EXP1_T015_D01_C02,T015_D01_M01,EXP1_T015_D01_C02_UCB,2746
T015_D01_ASET01,user_task_5,T015_D01_BM01,T015_D01_BW01,"[""T015_D01_BM01"", ""T015_D01_BW01"", ""T015_D01_M01""]",T015_D01_C03,UC_B,T015_D01,T015_D01_BM01,benign_matched,EXP1_T015_D01_C03,T015_D01_M01,EXP1_T015_D01_C03_UCB,2747
T015_D02_ASET01,user_task_5,T015_D02_BM01,T015_D02_BW01,"[""T015_D02_M01"", ""T015_D02_BM01"", ""T015_D02_BW01""]",T015_D02_C01,UC_B,T015_D02,T015_D02_BM01,benign_matched,EXP1_T015_D02_C01,T015_D02_M01,EXP1_T015_D02_C01_UCB,2755
T015_D02_ASET01,user_task_5,T015_D02_BM01,T015_D02_BW01,"[""T015_D02_BM01"", ""T015_D02_BW01"", ""T015_D02_M01""]",T015_D02_C02,UC_B,T015_D02,T015_D02_BM01,benign_matched,EXP1_T015_D02_C02,T015_D02_M01,EXP1_T015_D02_C02_UCB,2756
T015_D02_ASET01,user_task_5,T015_D02_BM01,T015_D02_BW01,"[""T015_D02_BW01"", ""T015_D02_M01"", ""T015_D02_BM01""]",T015_D02_C03,UC_B,T015_D02,T015_D02_BM01,benign_matched,EXP1_T015_D02_C03,T015_D02_M01,EXP1_T015_D02_C03_UCB,2757
T015_D03_ASET01,user_task_5,T015_D03_BM01,T015_D03_BW01,"[""T015_D03_BM01"", ""T015_D03_BW01"", ""T015_D03_M01""]",T015_D03_C01,UC_B,T015_D03,T015_D03_BM01,benign_matched,EXP1_T015_D03_C01,T015_D03_M01,EXP1_T015_D03_C01_UCB,2765
T015_D03_ASET01,user_task_5,T015_D03_BM01,T015_D03_BW01,"[""T015_D03_BW01"", ""T015_D03_M01"", ""T015_D03_BM01""]",T015_D03_C02,UC_B,T015_D03,T015_D03_BM01,benign_matched,EXP1_T015_D03_C02,T015_D03_M01,EXP1_T015_D03_C02_UCB,2766
T015_D03_ASET01,user_task_5,T015_D03_BM01,T015_D03_BW01,"[""T015_D03_M01"", ""T015_D03_BM01"", ""T015_D03_BW01""]",T015_D03_C03,UC_B,T015_D03,T015_D03_BM01,benign_matched,EXP1_T015_D03_C03,T015_D03_M01,EXP1_T015_D03_C03_UCB,2767
T016_D01_ASET01,user_task_6,T016_D01_BM01,T016_D01_BW01,"[""T016_D01_M01"", ""T016_D01_BM01"", ""T016_D01_BW01""]",T016_D01_C01,UC_B,T016_D01,T016_D01_BM01,benign_matched,EXP1_T016_D01_C01,T016_D01_M01,EXP1_T016_D01_C01_UCB,2845
T016_D01_ASET01,user_task_6,T016_D01_BM01,T016_D01_BW01,"[""T016_D01_BM01"", ""T016_D01_BW01"", ""T016_D01_M01""]",T016_D01_C02,UC_B,T016_D01,T016_D01_BM01,benign_matched,EXP1_T016_D01_C02,T016_D01_M01,EXP1_T016_D01_C02_UCB,2846
T016_D01_ASET01,user_task_6,T016_D01_BM01,T016_D01_BW01,"[""T016_D01_BW01"", ""T016_D01_M01"", ""T016_D01_BM01""]",T016_D01_C03,UC_B,T016_D01,T016_D01_BM01,benign_matched,EXP1_T016_D01_C03,T016_D01_M01,EXP1_T016_D01_C03_UCB,2847
T016_D02_ASET01,user_task_6,T016_D02_BM01,T016_D02_BW01,"[""T016_D02_BM01"", ""T016_D02_BW01"", ""T016_D02_M01""]",T016_D02_C01,UC_B,T016_D02,T016_D02_BM01,benign_matched,EXP1_T016_D02_C01,T016_D02_M01,EXP1_T016_D02_C01_UCB,2855
T016_D02_ASET01,user_task_6,T016_D02_BM01,T016_D02_BW01,"[""T016_D02_BW01"", ""T016_D02_M01"", ""T016_D02_BM01""]",T016_D02_C02,UC_B,T016_D02,T016_D02_BM01,benign_matched,EXP1_T016_D02_C02,T016_D02_M01,EXP1_T016_D02_C02_UCB,2856
T016_D02_ASET01,user_task_6,T016_D02_BM01,T016_D02_BW01,"[""T016_D02_M01"", ""T016_D02_BM01"", ""T016_D02_BW01""]",T016_D02_C03,UC_B,T016_D02,T016_D02_BM01,benign_matched,EXP1_T016_D02_C03,T016_D02_M01,EXP1_T016_D02_C03_UCB,2857
T016_D03_ASET01,user_task_6,T016_D03_BM01,T016_D03_BW01,"[""T016_D03_BW01"", ""T016_D03_M01"", ""T016_D03_BM01""]",T016_D03_C01,UC_B,T016_D03,T016_D03_BM01,benign_matched,EXP1_T016_D03_C01,T016_D03_M01,EXP1_T016_D03_C01_UCB,2865
T016_D03_ASET01,user_task_6,T016_D03_BM01,T016_D03_BW01,"[""T016_D03_M01"", ""T016_D03_BM01"", ""T016_D03_BW01""]",T016_D03_C02,UC_B,T016_D03,T016_D03_BM01,benign_matched,EXP1_T016_D03_C02,T016_D03_M01,EXP1_T016_D03_C02_UCB,2866
T016_D03_ASET01,user_task_6,T016_D03_BM01,T016_D03_BW01,"[""T016_D03_BM01"", ""T016_D03_BW01"", ""T016_D03_M01""]",T016_D03_C03,UC_B,T016_D03,T016_D03_BM01,benign_matched,EXP1_T016_D03_C03,T016_D03_M01,EXP1_T016_D03_C03_UCB,2867
T017_D01_ASET01,user_task_7,T017_D01_BM01,T017_D01_BW01,"[""T017_D01_BM01"", ""T017_D01_BW01"", ""T017_D01_M01""]",T017_D01_C01,UC_B,T017_D01,T017_D01_BM01,benign_matched,EXP1_T017_D01_C01,T017_D01_M01,EXP1_T017_D01_C01_UCB,2945
T017_D01_ASET01,user_task_7,T017_D01_BM01,T017_D01_BW01,"[""T017_D01_BW01"", ""T017_D01_M01"", ""T017_D01_BM01""]",T017_D01_C02,UC_B,T017_D01,T017_D01_BM01,benign_matched,EXP1_T017_D01_C02,T017_D01_M01,EXP1_T017_D01_C02_UCB,2946
T017_D01_ASET01,user_task_7,T017_D01_BM01,T017_D01_BW01,"[""T017_D01_M01"", ""T017_D01_BM01"", ""T017_D01_BW01""]",T017_D01_C03,UC_B,T017_D01,T017_D01_BM01,benign_matched,EXP1_T017_D01_C03,T017_D01_M01,EXP1_T017_D01_C03_UCB,2947
T017_D02_ASET01,user_task_7,T017_D02_BM01,T017_D02_BW01,"[""T017_D02_BW01"", ""T017_D02_M01"", ""T017_D02_BM01""]",T017_D02_C01,UC_B,T017_D02,T017_D02_BM01,benign_matched,EXP1_T017_D02_C01,T017_D02_M01,EXP1_T017_D02_C01_UCB,2955
T017_D02_ASET01,user_task_7,T017_D02_BM01,T017_D02_BW01,"[""T017_D02_M01"", ""T017_D02_BM01"", ""T017_D02_BW01""]",T017_D02_C02,UC_B,T017_D02,T017_D02_BM01,benign_matched,EXP1_T017_D02_C02,T017_D02_M01,EXP1_T017_D02_C02_UCB,2956
T017_D02_ASET01,user_task_7,T017_D02_BM01,T017_D02_BW01,"[""T017_D02_BM01"", ""T017_D02_BW01"", ""T017_D02_M01""]",T017_D02_C03,UC_B,T017_D02,T017_D02_BM01,benign_matched,EXP1_T017_D02_C03,T017_D02_M01,EXP1_T017_D02_C03_UCB,2957
T017_D03_ASET01,user_task_7,T017_D03_BM01,T017_D03_BW01,"[""T017_D03_M01"", ""T017_D03_BM01"", ""T017_D03_BW01""]",T017_D03_C01,UC_B,T017_D03,T017_D03_BM01,benign_matched,EXP1_T017_D03_C01,T017_D03_M01,EXP1_T017_D03_C01_UCB,2965
T017_D03_ASET01,user_task_7,T017_D03_BM01,T017_D03_BW01,"[""T017_D03_BM01"", ""T017_D03_BW01"", ""T017_D03_M01""]",T017_D03_C02,UC_B,T017_D03,T017_D03_BM01,benign_matched,EXP1_T017_D03_C02,T017_D03_M01,EXP1_T017_D03_C02_UCB,2966
T017_D03_ASET01,user_task_7,T017_D03_BM01,T017_D03_BW01,"[""T017_D03_BW01"", ""T017_D03_M01"", ""T017_D03_BM01""]",T017_D03_C03,UC_B,T017_D03,T017_D03_BM01,benign_matched,EXP1_T017_D03_C03,T017_D03_M01,EXP1_T017_D03_C03_UCB,2967
T018_D01_ASET01,user_task_8,T018_D01_BM01,T018_D01_BW01,"[""T018_D01_BW01"", ""T018_D01_M01"", ""T018_D01_BM01""]",T018_D01_C01,UC_B,T018_D01,T018_D01_BM01,benign_matched,EXP1_T018_D01_C01,T018_D01_M01,EXP1_T018_D01_C01_UCB,3045
T018_D01_ASET01,user_task_8,T018_D01_BM01,T018_D01_BW01,"[""T018_D01_M01"", ""T018_D01_BM01"", ""T018_D01_BW01""]",T018_D01_C02,UC_B,T018_D01,T018_D01_BM01,benign_matched,EXP1_T018_D01_C02,T018_D01_M01,EXP1_T018_D01_C02_UCB,3046
T018_D01_ASET01,user_task_8,T018_D01_BM01,T018_D01_BW01,"[""T018_D01_BM01"", ""T018_D01_BW01"", ""T018_D01_M01""]",T018_D01_C03,UC_B,T018_D01,T018_D01_BM01,benign_matched,EXP1_T018_D01_C03,T018_D01_M01,EXP1_T018_D01_C03_UCB,3047
T018_D02_ASET01,user_task_8,T018_D02_BM01,T018_D02_BW01,"[""T018_D02_M01"", ""T018_D02_BM01"", ""T018_D02_BW01""]",T018_D02_C01,UC_B,T018_D02,T018_D02_BM01,benign_matched,EXP1_T018_D02_C01,T018_D02_M01,EXP1_T018_D02_C01_UCB,3055
T018_D02_ASET01,user_task_8,T018_D02_BM01,T018_D02_BW01,"[""T018_D02_BM01"", ""T018_D02_BW01"", ""T018_D02_M01""]",T018_D02_C02,UC_B,T018_D02,T018_D02_BM01,benign_matched,EXP1_T018_D02_C02,T018_D02_M01,EXP1_T018_D02_C02_UCB,3056
T018_D02_ASET01,user_task_8,T018_D02_BM01,T018_D02_BW01,"[""T018_D02_BW01"", ""T018_D02_M01"", ""T018_D02_BM01""]",T018_D02_C03,UC_B,T018_D02,T018_D02_BM01,benign_matched,EXP1_T018_D02_C03,T018_D02_M01,EXP1_T018_D02_C03_UCB,3057
T018_D03_ASET01,user_task_8,T018_D03_BM01,T018_D03_BW01,"[""T018_D03_BM01"", ""T018_D03_BW01"", ""T018_D03_M01""]",T018_D03_C01,UC_B,T018_D03,T018_D03_BM01,benign_matched,EXP1_T018_D03_C01,T018_D03_M01,EXP1_T018_D03_C01_UCB,3065
T018_D03_ASET01,user_task_8,T018_D03_BM01,T018_D03_BW01,"[""T018_D03_BW01"", ""T018_D03_M01"", ""T018_D03_BM01""]",T018_D03_C02,UC_B,T018_D03,T018_D03_BM01,benign_matched,EXP1_T018_D03_C02,T018_D03_M01,EXP1_T018_D03_C02_UCB,3066
T018_D03_ASET01,user_task_8,T018_D03_BM01,T018_D03_BW01,"[""T018_D03_M01"", ""T018_D03_BM01"", ""T018_D03_BW01""]",T018_D03_C03,UC_B,T018_D03,T018_D03_BM01,benign_matched,EXP1_T018_D03_C03,T018_D03_M01,EXP1_T018_D03_C03_UCB,3067
T019_D01_ASET01,user_task_9,T019_D01_BM01,T019_D01_BW01,"[""T019_D01_M01"", ""T019_D01_BM01"", ""T019_D01_BW01""]",T019_D01_C01,UC_B,T019_D01,T019_D01_BM01,benign_matched,EXP1_T019_D01_C01,T019_D01_M01,EXP1_T019_D01_C01_UCB,3145
T019_D01_ASET01,user_task_9,T019_D01_BM01,T019_D01_BW01,"[""T019_D01_BM01"", ""T019_D01_BW01"", ""T019_D01_M01""]",T019_D01_C02,UC_B,T019_D01,T019_D01_BM01,benign_matched,EXP1_T019_D01_C02,T019_D01_M01,EXP1_T019_D01_C02_UCB,3146
T019_D01_ASET01,user_task_9,T019_D01_BM01,T019_D01_BW01,"[""T019_D01_BW01"", ""T019_D01_M01"", ""T019_D01_BM01""]",T019_D01_C03,UC_B,T019_D01,T019_D01_BM01,benign_matched,EXP1_T019_D01_C03,T019_D01_M01,EXP1_T019_D01_C03_UCB,3147
T019_D02_ASET01,user_task_9,T019_D02_BM01,T019_D02_BW01,"[""T019_D02_BM01"", ""T019_D02_BW01"", ""T019_D02_M01""]",T019_D02_C01,UC_B,T019_D02,T019_D02_BM01,benign_matched,EXP1_T019_D02_C01,T019_D02_M01,EXP1_T019_D02_C01_UCB,3155
T019_D02_ASET01,user_task_9,T019_D02_BM01,T019_D02_BW01,"[""T019_D02_BW01"", ""T019_D02_M01"", ""T019_D02_BM01""]",T019_D02_C02,UC_B,T019_D02,T019_D02_BM01,benign_matched,EXP1_T019_D02_C02,T019_D02_M01,EXP1_T019_D02_C02_UCB,3156
T019_D02_ASET01,user_task_9,T019_D02_BM01,T019_D02_BW01,"[""T019_D02_M01"", ""T019_D02_BM01"", ""T019_D02_BW01""]",T019_D02_C03,UC_B,T019_D02,T019_D02_BM01,benign_matched,EXP1_T019_D02_C03,T019_D02_M01,EXP1_T019_D02_C03_UCB,3157
T019_D03_ASET01,user_task_9,T019_D03_BM01,T019_D03_BW01,"[""T019_D03_BW01"", ""T019_D03_M01"", ""T019_D03_BM01""]",T019_D03_C01,UC_B,T019_D03,T019_D03_BM01,benign_matched,EXP1_T019_D03_C01,T019_D03_M01,EXP1_T019_D03_C01_UCB,3165
T019_D03_ASET01,user_task_9,T019_D03_BM01,T019_D03_BW01,"[""T019_D03_M01"", ""T019_D03_BM01"", ""T019_D03_BW01""]",T019_D03_C02,UC_B,T019_D03,T019_D03_BM01,benign_matched,EXP1_T019_D03_C02,T019_D03_M01,EXP1_T019_D03_C02_UCB,3166
T019_D03_ASET01,user_task_9,T019_D03_BM01,T019_D03_BW01,"[""T019_D03_BM01"", ""T019_D03_BW01"", ""T019_D03_M01""]",T019_D03_C03,UC_B,T019_D03,T019_D03_BM01,benign_matched,EXP1_T019_D03_C03,T019_D03_M01,EXP1_T019_D03_C03_UCB,3167
