comparison,external,metric,pair_id,transition,user
C1_vs_C0,0,M_selected,EXP1_T002_D03_C01,C0:0 -> C1:0,0
C1_vs_C0,0,M_selected,EXP1_T019_D03_C03,C0:0 -> C1:0,0
C1_vs_C0,0,M_selected,EXP1_T013_D02_C02,C0:0 -> C1:0,0
C1_vs_C0,0,M_selected,EXP1_T012_D03_C01,C0:0 -> C1:0,0
C1_vs_C0,0,M_selected,EXP1_T008_D01_C03,C0:0 -> C1:0,0
C1_vs_C0,1,M_selected,EXP1_T000_D02_C03,C0:1 -> C1:1,1
C1_vs_C0,0,M_selected,EXP1_T016_D03_C01,C0:0 -> C1:1,1
C1_vs_C0,0,M_selected,EXP1_T015_D02_C01,C0:0 -> C1:0,0
C1_vs_C0,0,M_selected,EXP1_T019_D02_C01,C0:0 -> C1:0,0
C1_vs_C0,0,M_selected,EXP1_T001_D02_C01,C0:0 -> C1:0,0
C1_vs_C0,0,M_selected,EXP1_T016_D02_C03,C0:0 -> C1:0,0
C1_vs_C0,0,M_selected,EXP1_T019_D03_C01,C0:0 -> C1:0,0
C1_vs_C0,0,M_selected,EXP1_T016_D02_C02,C0:0 -> C1:0,0
C1_vs_C0,0,M_selected,EXP1_T007_D01_C03,C0:0 -> C1:0,0
C1_vs_C0,0,M_selected,EXP1_T018_D02_C01,C0:0 -> C1:0,0
C1_vs_C0,0,M_selected,EXP1_T001_D01_C01,C0:0 -> C1:0,0
C1_vs_C0,1,M_selected,EXP1_T009_D02_C01,C0:1 -> C1:0,0
C1_vs_C0,0,M_selected,EXP1_T007_D02_C02,C0:0 -> C1:1,1
C1_vs_C0,0,M_selected,EXP1_T002_D01_C03,C0:0 -> C1:0,0
C1_vs_C0,0,M_selected,EXP1_T009_D03_C02,C0:0 -> C1:0,0
C1_vs_C0,0,M_selected,EXP1_T015_D03_C02,C0:0 -> C1:0,0
C1_vs_C0,1,M_selected,EXP1_T013_D01_C03,C0:1 -> C1:0,0
C1_vs_C0,0,M_selected,EXP1_T003_D03_C01,C0:0 -> C1:0,0
C1_vs_C0,0,M_selected,EXP1_T014_D03_C03,C0:0 -> C1:0,0
C1_vs_C0,0,M_selected,EXP1_T017_D03_C03,C0:0 -> C1:1,1
C1_vs_C0,0,M_selected,EXP1_T002_D03_C03,C0:0 -> C1:0,0
C1_vs_C0,0,M_selected,EXP1_T016_D01_C02,C0:0 -> C1:0,0
C1_vs_C0,0,M_selected,EXP1_T007_D02_C01,C0:0 -> C1:0,0
C1_vs_C0,0,M_selected,EXP1_T013_D03_C03,C0:0 -> C1:0,0
C1_vs_C0,0,M_selected,EXP1_T003_D01_C01,C0:0 -> C1:0,0
C1_vs_C0,0,M_selected,EXP1_T007_D03_C02,C0:0 -> C1:0,0
C1_vs_C0,0,M_selected,EXP1_T006_D03_C01,C0:0 -> C1:0,0
C1_vs_C0,0,M_selected,EXP1_T004_D02_C01,C0:0 -> C1:0,0
C1_vs_C0,0,M_selected,EXP1_T018_D01_C01,C0:0 -> C1:0,0
C1_vs_C0,0,M_selected,EXP1_T017_D02_C01,C0:0 -> C1:0,0
C1_vs_C0,0,M_selected,EXP1_T016_D01_C01,C0:0 -> C1:0,0
C1_vs_C0,0,M_selected,EXP1_T005_D01_C02,C0:0 -> C1:1,1
C1_vs_C0,0,M_selected,EXP1_T006_D03_C02,C0:0 -> C1:0,0
C1_vs_C0,0,M_selected,EXP1_T018_D02_C02,C0:0 -> C1:0,0
C1_vs_C0,0,M_selected,EXP1_T015_D01_C03,C0:0 -> C1:0,0
C1_vs_C0,0,M_selected,EXP1_T008_D03_C02,C0:0 -> C1:1,1
C1_vs_C0,0,M_selected,EXP1_T010_D02_C02,C0:0 -> C1:0,0
C1_vs_C0,0,M_selected,EXP1_T018_D01_C03,C0:0 -> C1:0,0
C1_vs_C0,1,M_selected,EXP1_T000_D02_C01,C0:1 -> C1:0,0
C1_vs_C0,0,M_selected,EXP1_T002_D03_C02,C0:0 -> C1:0,0
C1_vs_C0,0,M_selected,EXP1_T001_D03_C03,C0:0 -> C1:0,0
C1_vs_C0,0,M_selected,EXP1_T007_D03_C01,C0:0 -> C1:0,0
C1_vs_C0,0,M_selected,EXP1_T012_D01_C01,C0:0 -> C1:0,0
C1_vs_C0,0,M_selected,EXP1_T014_D02_C01,C0:0 -> C1:0,0
C1_vs_C0,0,M_selected,EXP1_T004_D03_C01,C0:0 -> C1:0,0
C1_vs_C0,0,M_selected,EXP1_T002_D02_C01,C0:0 -> C1:1,1
C1_vs_C0,0,M_selected,EXP1_T015_D01_C01,C0:0 -> C1:0,0
C1_vs_C0,0,M_selected,EXP1_T010_D03_C03,C0:0 -> C1:0,0
C1_vs_C0,0,M_selected,EXP1_T005_D03_C03,C0:0 -> C1:0,0
C1_vs_C0,0,M_selected,EXP1_T016_D03_C02,C0:0 -> C1:0,0
C1_vs_C0,0,M_selected,EXP1_T012_D02_C02,C0:0 -> C1:0,0
C1_vs_C0,0,M_selected,EXP1_T018_D02_C03,C0:0 -> C1:0,0
C1_vs_C0,0,M_selected,EXP1_T006_D02_C01,C0:0 -> C1:0,0
C1_vs_C0,0,M_selected,EXP1_T000_D01_C03,C0:0 -> C1:0,0
C1_vs_C0,0,M_selected,EXP1_T017_D03_C02,C0:0 -> C1:0,0
C1_vs_C0,0,M_selected,EXP1_T005_D02_C02,C0:0 -> C1:0,0
C1_vs_C0,0,M_selected,EXP1_T003_D02_C02,C0:0 -> C1:0,0
C1_vs_C0,0,M_selected,EXP1_T018_D01_C02,C0:0 -> C1:0,0
C1_vs_C0,0,M_selected,EXP1_T000_D03_C02,C0:0 -> C1:0,0
C1_vs_C0,0,M_selected,EXP1_T019_D01_C01,C0:0 -> C1:0,0
C1_vs_C0,0,M_selected,EXP1_T010_D01_C01,C0:0 -> C1:0,0
C1_vs_C0,1,M_selected,EXP1_T014_D02_C02,C0:1 -> C1:0,0
C1_vs_C0,0,M_selected,EXP1_T004_D03_C03,C0:0 -> C1:0,0
C1_vs_C0,0,M_selected,EXP1_T014_D01_C02,C0:0 -> C1:0,0
C1_vs_C0,0,M_selected,EXP1_T015_D02_C02,C0:0 -> C1:0,0
C1_vs_C0,0,M_selected,EXP1_T016_D02_C01,C0:0 -> C1:0,0
C1_vs_C0,0,M_selected,EXP1_T017_D02_C02,C0:0 -> C1:0,0
C1_vs_C0,1,M_selected,EXP1_T008_D02_C03,C0:1 -> C1:1,1
C1_vs_C0,0,M_selected,EXP1_T012_D03_C02,C0:0 -> C1:0,0
C1_vs_C0,0,M_selected,EXP1_T010_D01_C02,C0:0 -> C1:0,0
C1_vs_C0,0,M_selected,EXP1_T011_D03_C02,C0:0 -> C1:0,0
C1_vs_C0,0,M_selected,EXP1_T005_D01_C01,C0:0 -> C1:0,0
C1_vs_C0,0,M_selected,EXP1_T006_D02_C03,C0:0 -> C1:0,0
C1_vs_C0,0,M_selected,EXP1_T009_D01_C03,C0:0 -> C1:0,0
C1_vs_C0,0,M_selected,EXP1_T002_D01_C02,C0:0 -> C1:0,0
C1_vs_C0,0,M_selected,EXP1_T014_D03_C02,C0:0 -> C1:0,0
C1_vs_C0,0,M_selected,EXP1_T011_D02_C01,C0:0 -> C1:0,0
C1_vs_C0,0,M_selected,EXP1_T013_D02_C01,C0:0 -> C1:0,0
C1_vs_C0,0,M_selected,EXP1_T006_D02_C02,C0:0 -> C1:0,0
C1_vs_C0,0,M_selected,EXP1_T010_D02_C03,C0:0 -> C1:0,0
C1_vs_C0,0,M_selected,EXP1_T015_D03_C01,C0:0 -> C1:0,0
C1_vs_C0,0,M_selected,EXP1_T005_D02_C03,C0:0 -> C1:0,0
C1_vs_C0,1,M_selected,EXP1_T013_D01_C01,C0:1 -> C1:0,0
C1_vs_C0,0,M_selected,EXP1_T011_D02_C02,C0:0 -> C1:0,0
C1_vs_C0,1,M_selected,EXP1_T017_D01_C03,C0:1 -> C1:1,1
C1_vs_C0,0,M_selected,EXP1_T005_D03_C01,C0:0 -> C1:0,0
C1_vs_C0,0,M_selected,EXP1_T004_D01_C02,C0:0 -> C1:0,0
C1_vs_C0,0,M_selected,EXP1_T017_D01_C01,C0:0 -> C1:0,0
C1_vs_C0,0,M_selected,EXP1_T009_D02_C02,C0:0 -> C1:1,1
C1_vs_C0,0,M_selected,EXP1_T016_D01_C03,C0:0 -> C1:0,0
C1_vs_C0,0,M_selected,EXP1_T013_D01_C02,C0:0 -> C1:0,0
C1_vs_C0,0,M_selected,EXP1_T004_D01_C03,C0:0 -> C1:0,0
C1_vs_C0,0,M_selected,EXP1_T012_D01_C03,C0:0 -> C1:0,0
C1_vs_C0,1,M_selected,EXP1_T015_D03_C03,C0:1 -> C1:0,0
C1_vs_C0,0,M_selected,EXP1_T016_D03_C03,C0:0 -> C1:0,0
C1_vs_C0,1,M_selected,EXP1_T008_D01_C02,C0:1 -> C1:1,1
C1_vs_C0,0,M_selected,EXP1_T002_D02_C03,C0:0 -> C1:0,0
C1_vs_C0,1,M_selected,EXP1_T001_D02_C02,C0:1 -> C1:0,0
C1_vs_C0,0,M_selected,EXP1_T019_D03_C02,C0:0 -> C1:0,0
C1_vs_C0,0,M_selected,EXP1_T014_D01_C01,C0:0 -> C1:0,0
C1_vs_C0,0,M_selected,EXP1_T018_D03_C01,C0:0 -> C1:0,0
C1_vs_C0,0,M_selected,EXP1_T015_D02_C03,C0:0 -> C1:0,0
C1_vs_C0,0,M_selected,EXP1_T006_D01_C03,C0:0 -> C1:0,0
C1_vs_C0,1,M_selected,EXP1_T009_D01_C01,C0:1 -> C1:0,0
C1_vs_C0,0,M_selected,EXP1_T001_D03_C01,C0:0 -> C1:0,0
C1_vs_C0,0,M_selected,EXP1_T006_D01_C02,C0:0 -> C1:1,1
C1_vs_C0,0,M_selected,EXP1_T018_D03_C03,C0:0 -> C1:0,0
C1_vs_C0,0,M_selected,EXP1_T003_D03_C02,C0:0 -> C1:0,0
C1_vs_C0,0,M_selected,EXP1_T010_D01_C03,C0:0 -> C1:0,0
C1_vs_C0,0,M_selected,EXP1_T013_D03_C02,C0:0 -> C1:0,0
C1_vs_C0,0,M_selected,EXP1_T014_D03_C01,C0:0 -> C1:0,0
C1_vs_C0,1,M_selected,EXP1_T007_D01_C01,C0:1 -> C1:0,0
C1_vs_C0,0,M_selected,EXP1_T019_D02_C02,C0:0 -> C1:1,1
C1_vs_C0,0,M_selected,EXP1_T007_D01_C02,C0:0 -> C1:0,0
C1_vs_C0,0,M_selected,EXP1_T004_D02_C02,C0:0 -> C1:0,0
C1_vs_C0,0,M_selected,EXP1_T012_D02_C01,C0:0 -> C1:0,0
C1_vs_C0,0,M_selected,EXP1_T000_D03_C01,C0:0 -> C1:0,0
C1_vs_C0,0,M_selected,EXP1_T011_D01_C03,C0:0 -> C1:0,0
C1_vs_C0,0,M_selected,EXP1_T012_D03_C03,C0:0 -> C1:0,0
C1_vs_C0,0,M_selected,EXP1_T011_D03_C01,C0:0 -> C1:0,0
C1_vs_C0,0,M_selected,EXP1_T015_D01_C02,C0:0 -> C1:0,0
C1_vs_C0,0,M_selected,EXP1_T011_D01_C01,C0:0 -> C1:0,0
C1_vs_C0,0,M_selected,EXP1_T017_D02_C03,C0:0 -> C1:0,0
C1_vs_C0,0,M_selected,EXP1_T003_D02_C01,C0:0 -> C1:0,0
C1_vs_C0,0,M_selected,EXP1_T008_D01_C01,C0:0 -> C1:0,0
C1_vs_C0,0,M_selected,EXP1_T012_D01_C02,C0:0 -> C1:1,1
C1_vs_C0,0,M_selected,EXP1_T007_D03_C03,C0:0 -> C1:0,0
C1_vs_C0,0,M_selected,EXP1_T000_D01_C01,C0:0 -> C1:0,0
C1_vs_C0,0,M_selected,EXP1_T017_D03_C01,C0:0 -> C1:0,0
C1_vs_C0,0,M_selected,EXP1_T005_D03_C02,C0:0 -> C1:0,0
C1_vs_C0,0,M_selected,EXP1_T009_D03_C03,C0:0 -> C1:0,0
C1_vs_C0,0,M_selected,EXP1_T000_D02_C02,C0:0 -> C1:0,0
C1_vs_C0,0,M_selected,EXP1_T005_D02_C01,C0:0 -> C1:0,0
C1_vs_C0,0,M_selected,EXP1_T014_D01_C03,C0:0 -> C1:1,1
C1_vs_C0,0,M_selected,EXP1_T013_D02_C03,C0:0 -> C1:0,0
C1_vs_C0,0,M_selected,EXP1_T017_D01_C02,C0:0 -> C1:0,0
C1_vs_C0,0,M_selected,EXP1_T006_D03_C03,C0:0 -> C1:0,0
C1_vs_C0,0,M_selected,EXP1_T010_D03_C01,C0:0 -> C1:0,0
C1_vs_C0,0,M_selected,EXP1_T018_D03_C02,C0:0 -> C1:0,0
C1_vs_C0,1,M_selected,EXP1_T004_D01_C01,C0:1 -> C1:0,0
C1_vs_C0,0,M_selected,EXP1_T003_D03_C03,C0:0 -> C1:0,0
C1_vs_C0,0,M_selected,EXP1_T011_D01_C02,C0:0 -> C1:0,0
C1_vs_C0,0,M_selected,EXP1_T001_D02_C03,C0:0 -> C1:1,1
C1_vs_C0,0,M_selected,EXP1_T010_D02_C01,C0:0 -> C1:0,0
C1_vs_C0,0,M_selected,EXP1_T009_D01_C02,C0:0 -> C1:0,0
C1_vs_C0,0,M_selected,EXP1_T004_D02_C03,C0:0 -> C1:1,1
C1_vs_C0,0,M_selected,EXP1_T008_D03_C01,C0:0 -> C1:0,0
C1_vs_C0,0,M_selected,EXP1_T009_D03_C01,C0:0 -> C1:0,0
C1_vs_C0,0,M_selected,EXP1_T011_D02_C03,C0:0 -> C1:0,0
C1_vs_C0,1,M_selected,EXP1_T007_D02_C03,C0:1 -> C1:1,1
C1_vs_C0,0,M_selected,EXP1_T019_D01_C03,C0:0 -> C1:0,0
C1_vs_C0,0,M_selected,EXP1_T005_D01_C03,C0:0 -> C1:1,1
C1_vs_C0,1,M_selected,EXP1_T008_D03_C03,C0:1 -> C1:1,1
C1_vs_C0,0,M_selected,EXP1_T003_D01_C03,C0:0 -> C1:0,0
C1_vs_C0,1,M_selected,EXP1_T001_D03_C02,C0:1 -> C1:0,0
C1_vs_C0,0,M_selected,EXP1_T003_D01_C02,C0:0 -> C1:1,1
C1_vs_C0,0,M_selected,EXP1_T001_D01_C03,C0:0 -> C1:0,0
C1_vs_C0,0,M_selected,EXP1_T003_D02_C03,C0:0 -> C1:0,0
C1_vs_C0,0,M_selected,EXP1_T013_D03_C01,C0:0 -> C1:0,0
C1_vs_C0,0,M_selected,EXP1_T002_D02_C02,C0:0 -> C1:0,0
C1_vs_C0,1,M_selected,EXP1_T000_D01_C02,C0:1 -> C1:1,1
C1_vs_C0,0,M_selected,EXP1_T009_D02_C03,C0:0 -> C1:0,0
C1_vs_C0,0,M_selected,EXP1_T014_D02_C03,C0:0 -> C1:0,0
C1_vs_C0,1,M_selected,EXP1_T006_D01_C01,C0:1 -> C1:1,1
C1_vs_C0,0,M_selected,EXP1_T001_D01_C02,C0:0 -> C1:0,0
C1_vs_C0,0,M_selected,EXP1_T019_D02_C03,C0:0 -> C1:0,0
C1_vs_C0,0,M_selected,EXP1_T004_D03_C02,C0:0 -> C1:0,0
C1_vs_C0,0,M_selected,EXP1_T000_D03_C03,C0:0 -> C1:0,0
C1_vs_C0,0,M_selected,EXP1_T012_D02_C03,C0:0 -> C1:0,0
C1_vs_C0,1,M_selected,EXP1_T008_D02_C01,C0:1 -> C1:1,1
C1_vs_C0,0,M_selected,EXP1_T002_D01_C01,C0:0 -> C1:0,0
C1_vs_C0,0,M_selected,EXP1_T011_D03_C03,C0:0 -> C1:0,0
C1_vs_C0,1,M_selected,EXP1_T008_D02_C02,C0:1 -> C1:1,1
C1_vs_C0,0,M_selected,EXP1_T010_D03_C02,C0:0 -> C1:0,0
C1_vs_C0,0,M_selected,EXP1_T019_D01_C02,C0:0 -> C1:0,0
C2_vs_C0,0,BM_selected,EXP1_T002_D03_C01,C0:0 -> C2:0,0
C2_vs_C0,0,BM_selected,EXP1_T019_D03_C03,C0:0 -> C2:0,0
C2_vs_C0,0,BM_selected,EXP1_T013_D02_C02,C0:0 -> C2:0,0
C2_vs_C0,0,BM_selected,EXP1_T012_D03_C01,C0:0 -> C2:0,0
C2_vs_C0,1,BM_selected,EXP1_T008_D01_C03,C0:1 -> C2:0,0
C2_vs_C0,0,BM_selected,EXP1_T000_D02_C03,C0:0 -> C2:0,0
C2_vs_C0,0,BM_selected,EXP1_T016_D03_C01,C0:0 -> C2:0,0
C2_vs_C0,0,BM_selected,EXP1_T015_D02_C01,C0:0 -> C2:0,0
C2_vs_C0,0,BM_selected,EXP1_T019_D02_C01,C0:0 -> C2:0,0
C2_vs_C0,0,BM_selected,EXP1_T001_D02_C01,C0:0 -> C2:0,0
C2_vs_C0,0,BM_selected,EXP1_T016_D02_C03,C0:0 -> C2:0,0
C2_vs_C0,0,BM_selected,EXP1_T019_D03_C01,C0:0 -> C2:0,0
C2_vs_C0,0,BM_selected,EXP1_T016_D02_C02,C0:0 -> C2:0,0
C2_vs_C0,0,BM_selected,EXP1_T007_D01_C03,C0:0 -> C2:0,0
C2_vs_C0,0,BM_selected,EXP1_T018_D02_C01,C0:0 -> C2:0,0
C2_vs_C0,0,BM_selected,EXP1_T001_D01_C01,C0:0 -> C2:0,0
C2_vs_C0,0,BM_selected,EXP1_T009_D02_C01,C0:0 -> C2:0,0
C2_vs_C0,0,BM_selected,EXP1_T007_D02_C02,C0:0 -> C2:0,0
C2_vs_C0,0,BM_selected,EXP1_T002_D01_C03,C0:0 -> C2:0,0
C2_vs_C0,0,BM_selected,EXP1_T009_D03_C02,C0:0 -> C2:0,0
C2_vs_C0,0,BM_selected,EXP1_T015_D03_C02,C0:0 -> C2:0,0
C2_vs_C0,0,BM_selected,EXP1_T013_D01_C03,C0:0 -> C2:0,0
C2_vs_C0,0,BM_selected,EXP1_T003_D03_C01,C0:0 -> C2:0,0
C2_vs_C0,0,BM_selected,EXP1_T014_D03_C03,C0:0 -> C2:0,0
C2_vs_C0,0,BM_selected,EXP1_T017_D03_C03,C0:0 -> C2:0,0
C2_vs_C0,0,BM_selected,EXP1_T002_D03_C03,C0:0 -> C2:0,0
C2_vs_C0,0,BM_selected,EXP1_T016_D01_C02,C0:0 -> C2:0,0
C2_vs_C0,1,BM_selected,EXP1_T007_D02_C01,C0:1 -> C2:0,0
C2_vs_C0,0,BM_selected,EXP1_T013_D03_C03,C0:0 -> C2:0,0
C2_vs_C0,0,BM_selected,EXP1_T003_D01_C01,C0:0 -> C2:0,0
C2_vs_C0,0,BM_selected,EXP1_T007_D03_C02,C0:0 -> C2:0,0
C2_vs_C0,0,BM_selected,EXP1_T006_D03_C01,C0:0 -> C2:0,0
C2_vs_C0,0,BM_selected,EXP1_T004_D02_C01,C0:0 -> C2:0,0
C2_vs_C0,0,BM_selected,EXP1_T018_D01_C01,C0:0 -> C2:0,0
C2_vs_C0,0,BM_selected,EXP1_T017_D02_C01,C0:0 -> C2:0,0
C2_vs_C0,0,BM_selected,EXP1_T016_D01_C01,C0:0 -> C2:0,0
C2_vs_C0,0,BM_selected,EXP1_T005_D01_C02,C0:0 -> C2:0,0
C2_vs_C0,0,BM_selected,EXP1_T006_D03_C02,C0:0 -> C2:0,0
C2_vs_C0,0,BM_selected,EXP1_T018_D02_C02,C0:0 -> C2:0,0
C2_vs_C0,0,BM_selected,EXP1_T015_D01_C03,C0:0 -> C2:0,0
C2_vs_C0,0,BM_selected,EXP1_T008_D03_C02,C0:0 -> C2:0,0
C2_vs_C0,0,BM_selected,EXP1_T010_D02_C02,C0:0 -> C2:0,0
C2_vs_C0,0,BM_selected,EXP1_T018_D01_C03,C0:0 -> C2:0,0
C2_vs_C0,0,BM_selected,EXP1_T000_D02_C01,C0:0 -> C2:0,0
C2_vs_C0,0,BM_selected,EXP1_T002_D03_C02,C0:0 -> C2:0,0
C2_vs_C0,0,BM_selected,EXP1_T001_D03_C03,C0:0 -> C2:1,1
C2_vs_C0,0,BM_selected,EXP1_T007_D03_C01,C0:0 -> C2:0,0
C2_vs_C0,0,BM_selected,EXP1_T012_D01_C01,C0:0 -> C2:0,0
C2_vs_C0,0,BM_selected,EXP1_T014_D02_C01,C0:0 -> C2:0,0
C2_vs_C0,0,BM_selected,EXP1_T004_D03_C01,C0:0 -> C2:0,0
C2_vs_C0,0,BM_selected,EXP1_T002_D02_C01,C0:0 -> C2:0,0
C2_vs_C0,0,BM_selected,EXP1_T015_D01_C01,C0:0 -> C2:0,0
C2_vs_C0,0,BM_selected,EXP1_T010_D03_C03,C0:0 -> C2:0,0
C2_vs_C0,0,BM_selected,EXP1_T005_D03_C03,C0:0 -> C2:0,0
C2_vs_C0,0,BM_selected,EXP1_T016_D03_C02,C0:0 -> C2:0,0
C2_vs_C0,0,BM_selected,EXP1_T012_D02_C02,C0:0 -> C2:0,0
C2_vs_C0,0,BM_selected,EXP1_T018_D02_C03,C0:0 -> C2:0,0
C2_vs_C0,0,BM_selected,EXP1_T006_D02_C01,C0:0 -> C2:0,0
C2_vs_C0,1,BM_selected,EXP1_T000_D01_C03,C0:1 -> C2:1,1
C2_vs_C0,0,BM_selected,EXP1_T017_D03_C02,C0:0 -> C2:0,0
C2_vs_C0,0,BM_selected,EXP1_T005_D02_C02,C0:0 -> C2:0,0
C2_vs_C0,0,BM_selected,EXP1_T003_D02_C02,C0:0 -> C2:0,0
C2_vs_C0,0,BM_selected,EXP1_T018_D01_C02,C0:0 -> C2:0,0
C2_vs_C0,0,BM_selected,EXP1_T000_D03_C02,C0:0 -> C2:0,0
C2_vs_C0,0,BM_selected,EXP1_T019_D01_C01,C0:0 -> C2:0,0
C2_vs_C0,0,BM_selected,EXP1_T010_D01_C01,C0:0 -> C2:0,0
C2_vs_C0,0,BM_selected,EXP1_T014_D02_C02,C0:0 -> C2:0,0
C2_vs_C0,0,BM_selected,EXP1_T004_D03_C03,C0:0 -> C2:0,0
C2_vs_C0,0,BM_selected,EXP1_T014_D01_C02,C0:0 -> C2:0,0
C2_vs_C0,0,BM_selected,EXP1_T015_D02_C02,C0:0 -> C2:0,0
C2_vs_C0,0,BM_selected,EXP1_T016_D02_C01,C0:0 -> C2:0,0
C2_vs_C0,0,BM_selected,EXP1_T017_D02_C02,C0:0 -> C2:0,0
C2_vs_C0,0,BM_selected,EXP1_T008_D02_C03,C0:0 -> C2:0,0
C2_vs_C0,0,BM_selected,EXP1_T012_D03_C02,C0:0 -> C2:0,0
C2_vs_C0,1,BM_selected,EXP1_T010_D01_C02,C0:1 -> C2:0,0
C2_vs_C0,0,BM_selected,EXP1_T011_D03_C02,C0:0 -> C2:0,0
C2_vs_C0,1,BM_selected,EXP1_T005_D01_C01,C0:1 -> C2:1,1
C2_vs_C0,0,BM_selected,EXP1_T006_D02_C03,C0:0 -> C2:0,0
C2_vs_C0,0,BM_selected,EXP1_T009_D01_C03,C0:0 -> C2:0,0
C2_vs_C0,0,BM_selected,EXP1_T002_D01_C02,C0:0 -> C2:0,0
C2_vs_C0,0,BM_selected,EXP1_T014_D03_C02,C0:0 -> C2:0,0
C2_vs_C0,0,BM_selected,EXP1_T011_D02_C01,C0:0 -> C2:0,0
C2_vs_C0,1,BM_selected,EXP1_T013_D02_C01,C0:1 -> C2:0,0
C2_vs_C0,0,BM_selected,EXP1_T006_D02_C02,C0:0 -> C2:0,0
C2_vs_C0,0,BM_selected,EXP1_T010_D02_C03,C0:0 -> C2:0,0
C2_vs_C0,0,BM_selected,EXP1_T015_D03_C01,C0:0 -> C2:0,0
C2_vs_C0,0,BM_selected,EXP1_T005_D02_C03,C0:0 -> C2:0,0
C2_vs_C0,0,BM_selected,EXP1_T013_D01_C01,C0:0 -> C2:0,0
C2_vs_C0,0,BM_selected,EXP1_T011_D02_C02,C0:0 -> C2:0,0
C2_vs_C0,0,BM_selected,EXP1_T017_D01_C03,C0:0 -> C2:0,0
C2_vs_C0,0,BM_selected,EXP1_T005_D03_C01,C0:0 -> C2:0,0
C2_vs_C0,1,BM_selected,EXP1_T004_D01_C02,C0:1 -> C2:1,1
C2_vs_C0,1,BM_selected,EXP1_T017_D01_C01,C0:1 -> C2:1,1
C2_vs_C0,0,BM_selected,EXP1_T009_D02_C02,C0:0 -> C2:0,0
C2_vs_C0,0,BM_selected,EXP1_T016_D01_C03,C0:0 -> C2:0,0
C2_vs_C0,1,BM_selected,EXP1_T013_D01_C02,C0:1 -> C2:1,1
C2_vs_C0,0,BM_selected,EXP1_T004_D01_C03,C0:0 -> C2:0,0
C2_vs_C0,1,BM_selected,EXP1_T012_D01_C03,C0:1 -> C2:1,1
C2_vs_C0,0,BM_selected,EXP1_T015_D03_C03,C0:0 -> C2:0,0
C2_vs_C0,0,BM_selected,EXP1_T016_D03_C03,C0:0 -> C2:0,0
C2_vs_C0,0,BM_selected,EXP1_T008_D01_C02,C0:0 -> C2:1,1
C2_vs_C0,1,BM_selected,EXP1_T002_D02_C03,C0:1 -> C2:0,0
C2_vs_C0,0,BM_selected,EXP1_T001_D02_C02,C0:0 -> C2:0,0
C2_vs_C0,0,BM_selected,EXP1_T019_D03_C02,C0:0 -> C2:0,0
C2_vs_C0,1,BM_selected,EXP1_T014_D01_C01,C0:1 -> C2:1,1
C2_vs_C0,0,BM_selected,EXP1_T018_D03_C01,C0:0 -> C2:0,0
C2_vs_C0,0,BM_selected,EXP1_T015_D02_C03,C0:0 -> C2:0,0
C2_vs_C0,1,BM_selected,EXP1_T006_D01_C03,C0:1 -> C2:1,1
C2_vs_C0,0,BM_selected,EXP1_T009_D01_C01,C0:0 -> C2:0,0
C2_vs_C0,0,BM_selected,EXP1_T001_D03_C01,C0:0 -> C2:0,0
C2_vs_C0,0,BM_selected,EXP1_T006_D01_C02,C0:0 -> C2:0,0
C2_vs_C0,0,BM_selected,EXP1_T018_D03_C03,C0:0 -> C2:0,0
C2_vs_C0,0,BM_selected,EXP1_T003_D03_C02,C0:0 -> C2:0,0
C2_vs_C0,0,BM_selected,EXP1_T010_D01_C03,C0:0 -> C2:0,0
C2_vs_C0,0,BM_selected,EXP1_T013_D03_C02,C0:0 -> C2:0,0
C2_vs_C0,0,BM_selected,EXP1_T014_D03_C01,C0:0 -> C2:0,0
C2_vs_C0,0,BM_selected,EXP1_T007_D01_C01,C0:0 -> C2:1,1
C2_vs_C0,0,BM_selected,EXP1_T019_D02_C02,C0:0 -> C2:0,0
C2_vs_C0,0,BM_selected,EXP1_T007_D01_C02,C0:0 -> C2:1,1
C2_vs_C0,0,BM_selected,EXP1_T004_D02_C02,C0:0 -> C2:0,0
C2_vs_C0,0,BM_selected,EXP1_T012_D02_C01,C0:0 -> C2:0,0
C2_vs_C0,0,BM_selected,EXP1_T000_D03_C01,C0:0 -> C2:0,0
C2_vs_C0,0,BM_selected,EXP1_T011_D01_C03,C0:0 -> C2:0,0
C2_vs_C0,0,BM_selected,EXP1_T012_D03_C03,C0:0 -> C2:0,0
C2_vs_C0,0,BM_selected,EXP1_T011_D03_C01,C0:0 -> C2:0,0
C2_vs_C0,0,BM_selected,EXP1_T015_D01_C02,C0:0 -> C2:0,0
C2_vs_C0,0,BM_selected,EXP1_T011_D01_C01,C0:0 -> C2:0,0
C2_vs_C0,0,BM_selected,EXP1_T017_D02_C03,C0:0 -> C2:0,0
C2_vs_C0,0,BM_selected,EXP1_T003_D02_C01,C0:0 -> C2:0,0
C2_vs_C0,1,BM_selected,EXP1_T008_D01_C01,C0:1 -> C2:1,1
C2_vs_C0,0,BM_selected,EXP1_T012_D01_C02,C0:0 -> C2:0,0
C2_vs_C0,0,BM_selected,EXP1_T007_D03_C03,C0:0 -> C2:0,0
C2_vs_C0,0,BM_selected,EXP1_T000_D01_C01,C0:0 -> C2:0,0
C2_vs_C0,0,BM_selected,EXP1_T017_D03_C01,C0:0 -> C2:0,0
C2_vs_C0,0,BM_selected,EXP1_T005_D03_C02,C0:0 -> C2:0,0
C2_vs_C0,0,BM_selected,EXP1_T009_D03_C03,C0:0 -> C2:0,0
C2_vs_C0,0,BM_selected,EXP1_T000_D02_C02,C0:0 -> C2:0,0
C2_vs_C0,0,BM_selected,EXP1_T005_D02_C01,C0:0 -> C2:0,0
C2_vs_C0,0,BM_selected,EXP1_T014_D01_C03,C0:0 -> C2:0,0
C2_vs_C0,0,BM_selected,EXP1_T013_D02_C03,C0:0 -> C2:0,0
C2_vs_C0,0,BM_selected,EXP1_T017_D01_C02,C0:0 -> C2:0,0
C2_vs_C0,0,BM_selected,EXP1_T006_D03_C03,C0:0 -> C2:0,0
C2_vs_C0,0,BM_selected,EXP1_T010_D03_C01,C0:0 -> C2:0,0
C2_vs_C0,0,BM_selected,EXP1_T018_D03_C02,C0:0 -> C2:0,0
C2_vs_C0,0,BM_selected,EXP1_T004_D01_C01,C0:0 -> C2:0,0
C2_vs_C0,0,BM_selected,EXP1_T003_D03_C03,C0:0 -> C2:0,0
C2_vs_C0,0,BM_selected,EXP1_T011_D01_C02,C0:0 -> C2:0,0
C2_vs_C0,0,BM_selected,EXP1_T001_D02_C03,C0:0 -> C2:0,0
C2_vs_C0,0,BM_selected,EXP1_T010_D02_C01,C0:0 -> C2:0,0
C2_vs_C0,0,BM_selected,EXP1_T009_D01_C02,C0:0 -> C2:0,0
C2_vs_C0,0,BM_selected,EXP1_T004_D02_C03,C0:0 -> C2:0,0
C2_vs_C0,1,BM_selected,EXP1_T008_D03_C01,C0:1 -> C2:1,1
C2_vs_C0,0,BM_selected,EXP1_T009_D03_C01,C0:0 -> C2:0,0
C2_vs_C0,0,BM_selected,EXP1_T011_D02_C03,C0:0 -> C2:0,0
C2_vs_C0,0,BM_selected,EXP1_T007_D02_C03,C0:0 -> C2:1,1
C2_vs_C0,0,BM_selected,EXP1_T019_D01_C03,C0:0 -> C2:0,0
C2_vs_C0,0,BM_selected,EXP1_T005_D01_C03,C0:0 -> C2:0,0
C2_vs_C0,0,BM_selected,EXP1_T008_D03_C03,C0:0 -> C2:0,0
C2_vs_C0,1,BM_selected,EXP1_T003_D01_C03,C0:1 -> C2:0,0
C2_vs_C0,0,BM_selected,EXP1_T001_D03_C02,C0:0 -> C2:0,0
C2_vs_C0,0,BM_selected,EXP1_T003_D01_C02,C0:0 -> C2:0,0
C2_vs_C0,0,BM_selected,EXP1_T001_D01_C03,C0:0 -> C2:0,0
C2_vs_C0,0,BM_selected,EXP1_T003_D02_C03,C0:0 -> C2:0,0
C2_vs_C0,0,BM_selected,EXP1_T013_D03_C01,C0:0 -> C2:1,1
C2_vs_C0,0,BM_selected,EXP1_T002_D02_C02,C0:0 -> C2:0,0
C2_vs_C0,0,BM_selected,EXP1_T000_D01_C02,C0:0 -> C2:0,0
C2_vs_C0,0,BM_selected,EXP1_T009_D02_C03,C0:0 -> C2:0,0
C2_vs_C0,0,BM_selected,EXP1_T014_D02_C03,C0:0 -> C2:0,0
C2_vs_C0,0,BM_selected,EXP1_T006_D01_C01,C0:0 -> C2:0,0
C2_vs_C0,1,BM_selected,EXP1_T001_D01_C02,C0:1 -> C2:1,1
C2_vs_C0,0,BM_selected,EXP1_T019_D02_C03,C0:0 -> C2:0,0
C2_vs_C0,0,BM_selected,EXP1_T004_D03_C02,C0:0 -> C2:0,0
C2_vs_C0,0,BM_selected,EXP1_T000_D03_C03,C0:0 -> C2:0,0
C2_vs_C0,0,BM_selected,EXP1_T012_D02_C03,C0:0 -> C2:0,0
C2_vs_C0,0,BM_selected,EXP1_T008_D02_C01,C0:0 -> C2:0,0
C2_vs_C0,1,BM_selected,EXP1_T002_D01_C01,C0:1 -> C2:1,1
C2_vs_C0,0,BM_selected,EXP1_T011_D03_C03,C0:0 -> C2:0,0
C2_vs_C0,0,BM_selected,EXP1_T008_D02_C02,C0:0 -> C2:0,0
C2_vs_C0,0,BM_selected,EXP1_T010_D03_C02,C0:0 -> C2:0,0
C2_vs_C0,0,BM_selected,EXP1_T019_D01_C02,C0:0 -> C2:1,1
