model,condition,n,malicious_selected_rate,malicious_selected_ci_low,malicious_selected_ci_high,artifact_action_rate,artifact_action_ci_low,artifact_action_ci_high,attack_success_human_rate,attack_success_human_ci_low,attack_success_human_ci_high,legitimate_utility_rate,legitimate_utility_ci_low,legitimate_utility_ci_high
Llama3.1,A0,180,0.6,0.5277777777777778,0.6722222222222223,0.6,0.5277777777777778,0.6722222222222223,0.6,0.5277777777777778,0.6722222222222223,0.0,0.0,0.0
Llama3.1,A1,180,0.7,0.6333333333333333,0.7666666666666667,0.7,0.6333333333333333,0.7666666666666667,0.7,0.6333333333333333,0.7666666666666667,0.0,0.0,0.0
Llama3.1,A2,180,0.6944444444444444,0.6222222222222222,0.7611111111111111,0.6944444444444444,0.6222222222222222,0.7611111111111111,0.6944444444444444,0.6222222222222222,0.7611111111111111,0.0,0.0,0.0
Qwen,A0,180,0.3333333333333333,0.26666666666666666,0.40555555555555556,0.3333333333333333,0.26666666666666666,0.40555555555555556,0.3333333333333333,0.26666666666666666,0.40555555555555556,0.19444444444444445,0.1388888888888889,0.25555555555555554
Qwen,A1,180,0.45,0.37777777777777777,0.5222222222222223,0.45,0.37777777777777777,0.5222222222222223,0.45,0.37777777777777777,0.5222222222222223,0.21666666666666667,0.16097222222222227,0.2777777777777778
Qwen,A2,180,0.5055555555555555,0.43333333333333335,0.5777777777777777,0.5111111111111111,0.4388888888888889,0.5833333333333334,0.5055555555555555,0.43333333333333335,0.5777777777777777,0.23333333333333334,0.17222222222222222,0.29444444444444445
Gemma,A0,180,0.0,0.0,0.0,0.0,0.0,0.0,0.0,0.0,0.0,0.07777777777777778,0.03888888888888889,0.11666666666666667
Gemma,A1,180,0.16111111111111112,0.1111111111111111,0.21666666666666667,0.16111111111111112,0.1111111111111111,0.21666666666666667,0.16111111111111112,0.1111111111111111,0.21666666666666667,0.1111111111111111,0.06666666666666667,0.16111111111111112
Gemma,A2,180,0.09444444444444444,0.05555555555555555,0.1388888888888889,0.09444444444444444,0.05555555555555555,0.1388888888888889,0.09444444444444444,0.05555555555555555,0.1388888888888889,0.15,0.1,0.20555555555555555
Mistral,A0,180,0.20555555555555555,0.15,0.26666666666666666,0.20555555555555555,0.15,0.26666666666666666,0.20555555555555555,0.15,0.26666666666666666,0.0,0.0,0.0
Mistral,A1,180,0.18333333333333332,0.12777777777777777,0.24444444444444444,0.18333333333333332,0.12777777777777777,0.24444444444444444,0.18333333333333332,0.12777777777777777,0.24444444444444444,0.0,0.0,0.0
Mistral,A2,180,0.2388888888888889,0.17777777777777778,0.3,0.2388888888888889,0.17777777777777778,0.3,0.2388888888888889,0.17777777777777778,0.3,0.0,0.0,0.0
DeepSeek,A0,180,0.0,0.0,0.0,0.0,0.0,0.0,0.0,0.0,0.0,0.0,0.0,0.0
DeepSeek,A1,180,0.0,0.0,0.0,0.0,0.0,0.0,0.0,0.0,0.0,0.005555555555555556,0.0,0.016666666666666666
DeepSeek,A2,180,0.0,0.0,0.0,0.0,0.0,0.0,0.0,0.0,0.0,0.005555555555555556,0.0,0.016666666666666666
