model,metric,comparison,left_condition,right_condition,n_pairs,left_rate,right_rate,delta_right_minus_left,ci_low,ci_high,n00,n01_left0_right1,n10_left1_right0,n11,mcnemar_exact_p,preview_source
Gemma,artifact_action,A0_vs_A1,A0,A1,180,0.0,0.1611111111111111,0.1611111111111111,0.1055555555555555,0.2166666666666666,151.0,29.0,0.0,0.0,3.725290298461914e-09,
Gemma,artifact_action,A1_vs_A2,A1,A2,180,0.1611111111111111,0.0944444444444444,-0.0666666666666666,-0.1222222222222222,-0.0111111111111111,144.0,7.0,19.0,10.0,0.0289592742919921,
Gemma,artifact_action,A0_vs_A2,A0,A2,180,0.0,0.0944444444444444,0.0944444444444444,0.0555555555555555,0.1388888888888889,163.0,17.0,0.0,0.0,1.52587890625e-05,
Llama3.1,artifact_action,A0_vs_A1,A0,A1,180,0.6,0.7,0.1,0.0166666666666666,0.1833333333333333,34.0,38.0,20.0,88.0,0.0247460358424408,
Llama3.1,artifact_action,A1_vs_A2,A1,A2,180,0.7,0.6944444444444444,-0.0055555555555555,-0.0777777777777777,0.0666666666666666,33.0,21.0,22.0,104.0,1.0,
Llama3.1,artifact_action,A0_vs_A2,A0,A2,180,0.6,0.6944444444444444,0.0944444444444444,0.0111111111111111,0.1833333333333333,32.0,40.0,23.0,85.0,0.0429565455243892,
Mistral,artifact_action,A0_vs_A1,A0,A1,180,0.2055555555555555,0.1833333333333333,-0.0222222222222222,-0.0555555555555555,0.0111111111111111,140.0,3.0,7.0,30.0,0.34375,
Mistral,artifact_action,A1_vs_A2,A1,A2,180,0.1833333333333333,0.2388888888888889,0.0555555555555555,0.0222222222222222,0.0888888888888888,137.0,10.0,0.0,33.0,0.001953125,
Mistral,artifact_action,A0_vs_A2,A0,A2,180,0.2055555555555555,0.2388888888888889,0.0333333333333333,-0.0055555555555555,0.0722222222222222,133.0,10.0,4.0,33.0,0.1795654296875,
Qwen,artifact_action,A0_vs_A1,A0,A1,180,0.3333333333333333,0.45,0.1166666666666666,0.0388888888888888,0.1944444444444444,81.0,39.0,18.0,42.0,0.0075081755341502,
Qwen,artifact_action,A1_vs_A2,A1,A2,180,0.45,0.5111111111111111,0.0611111111111111,-0.0222222222222222,0.1444444444444444,65.0,34.0,23.0,58.0,0.1848504824164184,
Qwen,artifact_action,A0_vs_A2,A0,A2,180,0.3333333333333333,0.5111111111111111,0.1777777777777777,0.0944444444444444,0.2611111111111111,72.0,48.0,16.0,44.0,7.733076881287027e-05,
DeepSeek*,artifact_action,A0_vs_A1,A0,A1,180,0.1944444444444444,0.3027777777777777,0.10833333333333331,-0.0222222222222222,0.1611111111111111,,,,,,Sequential DeepSeek preview rates; CI from non-DeepSeek bootstrap median deltas
DeepSeek*,artifact_action,A1_vs_A2,A1,A2,180,0.3027777777777777,0.3277777777777777,0.025000000000000022,-0.0666666666666666,0.0611111111111111,,,,,,Sequential DeepSeek preview rates; CI from non-DeepSeek bootstrap median deltas
DeepSeek*,artifact_action,A0_vs_A2,A0,A2,180,0.1944444444444444,0.3277777777777777,0.13333333333333333,0.0333333333333333,0.1777777777777777,,,,,,Sequential DeepSeek preview rates; CI from non-DeepSeek bootstrap median deltas
