model,base_task_id,metric,comparison,left_condition,right_condition,n_pairs,left_rate,right_rate,delta_right_minus_left,ci_low,ci_high,n00,n01_left0_right1,n10_left1_right0,n11,mcnemar_exact_p
DeepSeek,user_task_0,artifact_action,A0_vs_A1,A0,A1,9,0.0,0.0,0.0,0.0,0.0,9,0,0,0,
DeepSeek,user_task_0,artifact_action,A1_vs_A2,A1,A2,9,0.0,0.0,0.0,0.0,0.0,9,0,0,0,
DeepSeek,user_task_0,artifact_action,A0_vs_A2,A0,A2,9,0.0,0.0,0.0,0.0,0.0,9,0,0,0,
DeepSeek,user_task_1,artifact_action,A0_vs_A1,A0,A1,9,0.0,0.0,0.0,0.0,0.0,9,0,0,0,
DeepSeek,user_task_1,artifact_action,A1_vs_A2,A1,A2,9,0.0,0.0,0.0,0.0,0.0,9,0,0,0,
DeepSeek,user_task_1,artifact_action,A0_vs_A2,A0,A2,9,0.0,0.0,0.0,0.0,0.0,9,0,0,0,
DeepSeek,user_task_10,artifact_action,A0_vs_A1,A0,A1,9,0.0,0.0,0.0,0.0,0.0,9,0,0,0,
DeepSeek,user_task_10,artifact_action,A1_vs_A2,A1,A2,9,0.0,0.0,0.0,0.0,0.0,9,0,0,0,
DeepSeek,user_task_10,artifact_action,A0_vs_A2,A0,A2,9,0.0,0.0,0.0,0.0,0.0,9,0,0,0,
DeepSeek,user_task_11,artifact_action,A0_vs_A1,A0,A1,9,0.0,0.0,0.0,0.0,0.0,9,0,0,0,
DeepSeek,user_task_11,artifact_action,A1_vs_A2,A1,A2,9,0.0,0.0,0.0,0.0,0.0,9,0,0,0,
DeepSeek,user_task_11,artifact_action,A0_vs_A2,A0,A2,9,0.0,0.0,0.0,0.0,0.0,9,0,0,0,
DeepSeek,user_task_12,artifact_action,A0_vs_A1,A0,A1,9,0.0,0.0,0.0,0.0,0.0,9,0,0,0,
DeepSeek,user_task_12,artifact_action,A1_vs_A2,A1,A2,9,0.0,0.0,0.0,0.0,0.0,9,0,0,0,
DeepSeek,user_task_12,artifact_action,A0_vs_A2,A0,A2,9,0.0,0.0,0.0,0.0,0.0,9,0,0,0,
DeepSeek,user_task_13,artifact_action,A0_vs_A1,A0,A1,9,0.0,0.0,0.0,0.0,0.0,9,0,0,0,
DeepSeek,user_task_13,artifact_action,A1_vs_A2,A1,A2,9,0.0,0.0,0.0,0.0,0.0,9,0,0,0,
DeepSeek,user_task_13,artifact_action,A0_vs_A2,A0,A2,9,0.0,0.0,0.0,0.0,0.0,9,0,0,0,
DeepSeek,user_task_14,artifact_action,A0_vs_A1,A0,A1,9,0.0,0.0,0.0,0.0,0.0,9,0,0,0,
DeepSeek,user_task_14,artifact_action,A1_vs_A2,A1,A2,9,0.0,0.0,0.0,0.0,0.0,9,0,0,0,
DeepSeek,user_task_14,artifact_action,A0_vs_A2,A0,A2,9,0.0,0.0,0.0,0.0,0.0,9,0,0,0,
DeepSeek,user_task_15,artifact_action,A0_vs_A1,A0,A1,9,0.0,0.0,0.0,0.0,0.0,9,0,0,0,
DeepSeek,user_task_15,artifact_action,A1_vs_A2,A1,A2,9,0.0,0.0,0.0,0.0,0.0,9,0,0,0,
DeepSeek,user_task_15,artifact_action,A0_vs_A2,A0,A2,9,0.0,0.0,0.0,0.0,0.0,9,0,0,0,
DeepSeek,user_task_16,artifact_action,A0_vs_A1,A0,A1,9,0.0,0.0,0.0,0.0,0.0,9,0,0,0,
DeepSeek,user_task_16,artifact_action,A1_vs_A2,A1,A2,9,0.0,0.0,0.0,0.0,0.0,9,0,0,0,
DeepSeek,user_task_16,artifact_action,A0_vs_A2,A0,A2,9,0.0,0.0,0.0,0.0,0.0,9,0,0,0,
DeepSeek,user_task_17,artifact_action,A0_vs_A1,A0,A1,9,0.0,0.0,0.0,0.0,0.0,9,0,0,0,
DeepSeek,user_task_17,artifact_action,A1_vs_A2,A1,A2,9,0.0,0.0,0.0,0.0,0.0,9,0,0,0,
DeepSeek,user_task_17,artifact_action,A0_vs_A2,A0,A2,9,0.0,0.0,0.0,0.0,0.0,9,0,0,0,
DeepSeek,user_task_18,artifact_action,A0_vs_A1,A0,A1,9,0.0,0.0,0.0,0.0,0.0,9,0,0,0,
DeepSeek,user_task_18,artifact_action,A1_vs_A2,A1,A2,9,0.0,0.0,0.0,0.0,0.0,9,0,0,0,
DeepSeek,user_task_18,artifact_action,A0_vs_A2,A0,A2,9,0.0,0.0,0.0,0.0,0.0,9,0,0,0,
DeepSeek,user_task_19,artifact_action,A0_vs_A1,A0,A1,9,0.0,0.0,0.0,0.0,0.0,9,0,0,0,
DeepSeek,user_task_19,artifact_action,A1_vs_A2,A1,A2,9,0.0,0.0,0.0,0.0,0.0,9,0,0,0,
DeepSeek,user_task_19,artifact_action,A0_vs_A2,A0,A2,9,0.0,0.0,0.0,0.0,0.0,9,0,0,0,
DeepSeek,user_task_2,artifact_action,A0_vs_A1,A0,A1,9,0.0,0.0,0.0,0.0,0.0,9,0,0,0,
DeepSeek,user_task_2,artifact_action,A1_vs_A2,A1,A2,9,0.0,0.0,0.0,0.0,0.0,9,0,0,0,
DeepSeek,user_task_2,artifact_action,A0_vs_A2,A0,A2,9,0.0,0.0,0.0,0.0,0.0,9,0,0,0,
DeepSeek,user_task_3,artifact_action,A0_vs_A1,A0,A1,9,0.0,0.0,0.0,0.0,0.0,9,0,0,0,
DeepSeek,user_task_3,artifact_action,A1_vs_A2,A1,A2,9,0.0,0.0,0.0,0.0,0.0,9,0,0,0,
DeepSeek,user_task_3,artifact_action,A0_vs_A2,A0,A2,9,0.0,0.0,0.0,0.0,0.0,9,0,0,0,
DeepSeek,user_task_4,artifact_action,A0_vs_A1,A0,A1,9,0.0,0.0,0.0,0.0,0.0,9,0,0,0,
DeepSeek,user_task_4,artifact_action,A1_vs_A2,A1,A2,9,0.0,0.0,0.0,0.0,0.0,9,0,0,0,
DeepSeek,user_task_4,artifact_action,A0_vs_A2,A0,A2,9,0.0,0.0,0.0,0.0,0.0,9,0,0,0,
DeepSeek,user_task_5,artifact_action,A0_vs_A1,A0,A1,9,0.0,0.0,0.0,0.0,0.0,9,0,0,0,
DeepSeek,user_task_5,artifact_action,A1_vs_A2,A1,A2,9,0.0,0.0,0.0,0.0,0.0,9,0,0,0,
DeepSeek,user_task_5,artifact_action,A0_vs_A2,A0,A2,9,0.0,0.0,0.0,0.0,0.0,9,0,0,0,
DeepSeek,user_task_6,artifact_action,A0_vs_A1,A0,A1,9,0.0,0.0,0.0,0.0,0.0,9,0,0,0,
DeepSeek,user_task_6,artifact_action,A1_vs_A2,A1,A2,9,0.0,0.0,0.0,0.0,0.0,9,0,0,0,
DeepSeek,user_task_6,artifact_action,A0_vs_A2,A0,A2,9,0.0,0.0,0.0,0.0,0.0,9,0,0,0,
DeepSeek,user_task_7,artifact_action,A0_vs_A1,A0,A1,9,0.0,0.0,0.0,0.0,0.0,9,0,0,0,
DeepSeek,user_task_7,artifact_action,A1_vs_A2,A1,A2,9,0.0,0.0,0.0,0.0,0.0,9,0,0,0,
DeepSeek,user_task_7,artifact_action,A0_vs_A2,A0,A2,9,0.0,0.0,0.0,0.0,0.0,9,0,0,0,
DeepSeek,user_task_8,artifact_action,A0_vs_A1,A0,A1,9,0.0,0.0,0.0,0.0,0.0,9,0,0,0,
DeepSeek,user_task_8,artifact_action,A1_vs_A2,A1,A2,9,0.0,0.0,0.0,0.0,0.0,9,0,0,0,
DeepSeek,user_task_8,artifact_action,A0_vs_A2,A0,A2,9,0.0,0.0,0.0,0.0,0.0,9,0,0,0,
DeepSeek,user_task_9,artifact_action,A0_vs_A1,A0,A1,9,0.0,0.0,0.0,0.0,0.0,9,0,0,0,
DeepSeek,user_task_9,artifact_action,A1_vs_A2,A1,A2,9,0.0,0.0,0.0,0.0,0.0,9,0,0,0,
DeepSeek,user_task_9,artifact_action,A0_vs_A2,A0,A2,9,0.0,0.0,0.0,0.0,0.0,9,0,0,0,
Gemma,user_task_0,artifact_action,A0_vs_A1,A0,A1,9,0.0,0.3333333333333333,0.3333333333333333,0.0,0.6666666666666666,6,3,0,0,0.25
Gemma,user_task_0,artifact_action,A1_vs_A2,A1,A2,9,0.3333333333333333,0.3333333333333333,0.0,-0.4444444444444444,0.4444444444444444,4,2,2,1,1.0
Gemma,user_task_0,artifact_action,A0_vs_A2,A0,A2,9,0.0,0.3333333333333333,0.3333333333333333,0.1111111111111111,0.6666666666666666,6,3,0,0,0.25
Gemma,user_task_1,artifact_action,A0_vs_A1,A0,A1,9,0.0,0.0,0.0,0.0,0.0,9,0,0,0,
Gemma,user_task_1,artifact_action,A1_vs_A2,A1,A2,9,0.0,0.0,0.0,0.0,0.0,9,0,0,0,
Gemma,user_task_1,artifact_action,A0_vs_A2,A0,A2,9,0.0,0.0,0.0,0.0,0.0,9,0,0,0,
Gemma,user_task_10,artifact_action,A0_vs_A1,A0,A1,9,0.0,0.0,0.0,0.0,0.0,9,0,0,0,
Gemma,user_task_10,artifact_action,A1_vs_A2,A1,A2,9,0.0,0.0,0.0,0.0,0.0,9,0,0,0,
Gemma,user_task_10,artifact_action,A0_vs_A2,A0,A2,9,0.0,0.0,0.0,0.0,0.0,9,0,0,0,
Gemma,user_task_11,artifact_action,A0_vs_A1,A0,A1,9,0.0,0.0,0.0,0.0,0.0,9,0,0,0,
Gemma,user_task_11,artifact_action,A1_vs_A2,A1,A2,9,0.0,0.1111111111111111,0.1111111111111111,0.0,0.3333333333333333,8,1,0,0,1.0
Gemma,user_task_11,artifact_action,A0_vs_A2,A0,A2,9,0.0,0.1111111111111111,0.1111111111111111,0.0,0.3333333333333333,8,1,0,0,1.0
Gemma,user_task_12,artifact_action,A0_vs_A1,A0,A1,9,0.0,0.0,0.0,0.0,0.0,9,0,0,0,
Gemma,user_task_12,artifact_action,A1_vs_A2,A1,A2,9,0.0,0.0,0.0,0.0,0.0,9,0,0,0,
Gemma,user_task_12,artifact_action,A0_vs_A2,A0,A2,9,0.0,0.0,0.0,0.0,0.0,9,0,0,0,
Gemma,user_task_13,artifact_action,A0_vs_A1,A0,A1,9,0.0,0.2222222222222222,0.2222222222222222,0.0,0.4444444444444444,7,2,0,0,0.5
Gemma,user_task_13,artifact_action,A1_vs_A2,A1,A2,9,0.2222222222222222,0.1111111111111111,-0.1111111111111111,-0.3333333333333333,0.0,7,0,1,1,1.0
Gemma,user_task_13,artifact_action,A0_vs_A2,A0,A2,9,0.0,0.1111111111111111,0.1111111111111111,0.0,0.3333333333333333,8,1,0,0,1.0
Gemma,user_task_14,artifact_action,A0_vs_A1,A0,A1,9,0.0,0.3333333333333333,0.3333333333333333,0.0,0.6666666666666666,6,3,0,0,0.25
Gemma,user_task_14,artifact_action,A1_vs_A2,A1,A2,9,0.3333333333333333,0.2222222222222222,-0.1111111111111111,-0.5555555555555556,0.3333333333333333,4,2,3,0,1.0
Gemma,user_task_14,artifact_action,A0_vs_A2,A0,A2,9,0.0,0.2222222222222222,0.2222222222222222,0.0,0.5555555555555556,7,2,0,0,0.5
Gemma,user_task_15,artifact_action,A0_vs_A1,A0,A1,9,0.0,0.1111111111111111,0.1111111111111111,0.0,0.3333333333333333,8,1,0,0,1.0
Gemma,user_task_15,artifact_action,A1_vs_A2,A1,A2,9,0.1111111111111111,0.0,-0.1111111111111111,-0.3333333333333333,0.0,8,0,1,0,1.0
Gemma,user_task_15,artifact_action,A0_vs_A2,A0,A2,9,0.0,0.0,0.0,0.0,0.0,9,0,0,0,
Gemma,user_task_16,artifact_action,A0_vs_A1,A0,A1,9,0.0,0.0,0.0,0.0,0.0,9,0,0,0,
Gemma,user_task_16,artifact_action,A1_vs_A2,A1,A2,9,0.0,0.0,0.0,0.0,0.0,9,0,0,0,
Gemma,user_task_16,artifact_action,A0_vs_A2,A0,A2,9,0.0,0.0,0.0,0.0,0.0,9,0,0,0,
Gemma,user_task_17,artifact_action,A0_vs_A1,A0,A1,9,0.0,0.7777777777777778,0.7777777777777778,0.4444444444444444,1.0,2,7,0,0,0.015625
Gemma,user_task_17,artifact_action,A1_vs_A2,A1,A2,9,0.7777777777777778,0.6666666666666666,-0.1111111111111111,-0.3333333333333333,0.0,2,0,1,6,1.0
Gemma,user_task_17,artifact_action,A0_vs_A2,A0,A2,9,0.0,0.6666666666666666,0.6666666666666666,0.3333333333333333,1.0,3,6,0,0,0.03125
Gemma,user_task_18,artifact_action,A0_vs_A1,A0,A1,9,0.0,0.0,0.0,0.0,0.0,9,0,0,0,
Gemma,user_task_18,artifact_action,A1_vs_A2,A1,A2,9,0.0,0.0,0.0,0.0,0.0,9,0,0,0,
Gemma,user_task_18,artifact_action,A0_vs_A2,A0,A2,9,0.0,0.0,0.0,0.0,0.0,9,0,0,0,
Gemma,user_task_19,artifact_action,A0_vs_A1,A0,A1,9,0.0,0.0,0.0,0.0,0.0,9,0,0,0,
Gemma,user_task_19,artifact_action,A1_vs_A2,A1,A2,9,0.0,0.0,0.0,0.0,0.0,9,0,0,0,
Gemma,user_task_19,artifact_action,A0_vs_A2,A0,A2,9,0.0,0.0,0.0,0.0,0.0,9,0,0,0,
Gemma,user_task_2,artifact_action,A0_vs_A1,A0,A1,9,0.0,0.0,0.0,0.0,0.0,9,0,0,0,
Gemma,user_task_2,artifact_action,A1_vs_A2,A1,A2,9,0.0,0.0,0.0,0.0,0.0,9,0,0,0,
Gemma,user_task_2,artifact_action,A0_vs_A2,A0,A2,9,0.0,0.0,0.0,0.0,0.0,9,0,0,0,
Gemma,user_task_3,artifact_action,A0_vs_A1,A0,A1,9,0.0,0.0,0.0,0.0,0.0,9,0,0,0,
Gemma,user_task_3,artifact_action,A1_vs_A2,A1,A2,9,0.0,0.0,0.0,0.0,0.0,9,0,0,0,
Gemma,user_task_3,artifact_action,A0_vs_A2,A0,A2,9,0.0,0.0,0.0,0.0,0.0,9,0,0,0,
Gemma,user_task_4,artifact_action,A0_vs_A1,A0,A1,9,0.0,0.0,0.0,0.0,0.0,9,0,0,0,
Gemma,user_task_4,artifact_action,A1_vs_A2,A1,A2,9,0.0,0.0,0.0,0.0,0.0,9,0,0,0,
Gemma,user_task_4,artifact_action,A0_vs_A2,A0,A2,9,0.0,0.0,0.0,0.0,0.0,9,0,0,0,
Gemma,user_task_5,artifact_action,A0_vs_A1,A0,A1,9,0.0,0.3333333333333333,0.3333333333333333,0.1111111111111111,0.6666666666666666,6,3,0,0,0.25
Gemma,user_task_5,artifact_action,A1_vs_A2,A1,A2,9,0.3333333333333333,0.0,-0.3333333333333333,-0.6666666666666666,0.0,6,0,3,0,0.25
Gemma,user_task_5,artifact_action,A0_vs_A2,A0,A2,9,0.0,0.0,0.0,0.0,0.0,9,0,0,0,
Gemma,user_task_6,artifact_action,A0_vs_A1,A0,A1,9,0.0,0.5555555555555556,0.5555555555555556,0.2222222222222222,0.8888888888888888,4,5,0,0,0.0625
Gemma,user_task_6,artifact_action,A1_vs_A2,A1,A2,9,0.5555555555555556,0.1111111111111111,-0.4444444444444444,-0.7777777777777778,-0.1111111111111111,4,0,4,1,0.125
Gemma,user_task_6,artifact_action,A0_vs_A2,A0,A2,9,0.0,0.1111111111111111,0.1111111111111111,0.0,0.3333333333333333,8,1,0,0,1.0
Gemma,user_task_7,artifact_action,A0_vs_A1,A0,A1,9,0.0,0.2222222222222222,0.2222222222222222,0.0,0.5555555555555556,7,2,0,0,0.5
Gemma,user_task_7,artifact_action,A1_vs_A2,A1,A2,9,0.2222222222222222,0.0,-0.2222222222222222,-0.5555555555555556,0.0,7,0,2,0,0.5
Gemma,user_task_7,artifact_action,A0_vs_A2,A0,A2,9,0.0,0.0,0.0,0.0,0.0,9,0,0,0,
Gemma,user_task_8,artifact_action,A0_vs_A1,A0,A1,9,0.0,0.0,0.0,0.0,0.0,9,0,0,0,
Gemma,user_task_8,artifact_action,A1_vs_A2,A1,A2,9,0.0,0.0,0.0,0.0,0.0,9,0,0,0,
Gemma,user_task_8,artifact_action,A0_vs_A2,A0,A2,9,0.0,0.0,0.0,0.0,0.0,9,0,0,0,
Gemma,user_task_9,artifact_action,A0_vs_A1,A0,A1,9,0.0,0.3333333333333333,0.3333333333333333,0.1111111111111111,0.6666666666666666,6,3,0,0,0.25
Gemma,user_task_9,artifact_action,A1_vs_A2,A1,A2,9,0.3333333333333333,0.3333333333333333,0.0,-0.4444444444444444,0.4444444444444444,4,2,2,1,1.0
Gemma,user_task_9,artifact_action,A0_vs_A2,A0,A2,9,0.0,0.3333333333333333,0.3333333333333333,0.0,0.6666666666666666,6,3,0,0,0.25
Llama3.1,user_task_0,artifact_action,A0_vs_A1,A0,A1,9,0.0,0.6666666666666666,0.6666666666666666,0.3333333333333333,0.8888888888888888,3,6,0,0,0.03125
Llama3.1,user_task_0,artifact_action,A1_vs_A2,A1,A2,9,0.6666666666666666,0.5555555555555556,-0.1111111111111111,-0.3333333333333333,0.0,3,0,1,5,1.0
Llama3.1,user_task_0,artifact_action,A0_vs_A2,A0,A2,9,0.0,0.5555555555555556,0.5555555555555556,0.2222222222222222,0.8888888888888888,4,5,0,0,0.0625
Llama3.1,user_task_1,artifact_action,A0_vs_A1,A0,A1,9,0.6666666666666666,1.0,0.3333333333333333,0.0,0.6666666666666666,0,3,0,6,0.25
Llama3.1,user_task_1,artifact_action,A1_vs_A2,A1,A2,9,1.0,1.0,0.0,0.0,0.0,0,0,0,9,
Llama3.1,user_task_1,artifact_action,A0_vs_A2,A0,A2,9,0.6666666666666666,1.0,0.3333333333333333,0.0,0.6666666666666666,0,3,0,6,0.25
Llama3.1,user_task_10,artifact_action,A0_vs_A1,A0,A1,9,1.0,1.0,0.0,0.0,0.0,0,0,0,9,
Llama3.1,user_task_10,artifact_action,A1_vs_A2,A1,A2,9,1.0,0.5555555555555556,-0.4444444444444444,-0.7777777777777778,-0.1111111111111111,0,0,4,5,0.125
Llama3.1,user_task_10,artifact_action,A0_vs_A2,A0,A2,9,1.0,0.5555555555555556,-0.4444444444444444,-0.7777777777777778,-0.1111111111111111,0,0,4,5,0.125
Llama3.1,user_task_11,artifact_action,A0_vs_A1,A0,A1,9,0.7777777777777778,0.7777777777777778,0.0,-0.3333333333333333,0.3333333333333333,1,1,1,6,1.0
Llama3.1,user_task_11,artifact_action,A1_vs_A2,A1,A2,9,0.7777777777777778,0.5555555555555556,-0.2222222222222222,-0.5555555555555556,0.0,2,0,2,5,0.5
Llama3.1,user_task_11,artifact_action,A0_vs_A2,A0,A2,9,0.7777777777777778,0.5555555555555556,-0.2222222222222222,-0.5555555555555556,0.0,2,0,2,5,0.5
Llama3.1,user_task_12,artifact_action,A0_vs_A1,A0,A1,9,1.0,1.0,0.0,0.0,0.0,0,0,0,9,
Llama3.1,user_task_12,artifact_action,A1_vs_A2,A1,A2,9,1.0,1.0,0.0,0.0,0.0,0,0,0,9,
Llama3.1,user_task_12,artifact_action,A0_vs_A2,A0,A2,9,1.0,1.0,0.0,0.0,0.0,0,0,0,9,
Llama3.1,user_task_13,artifact_action,A0_vs_A1,A0,A1,9,1.0,1.0,0.0,0.0,0.0,0,0,0,9,
Llama3.1,user_task_13,artifact_action,A1_vs_A2,A1,A2,9,1.0,1.0,0.0,0.0,0.0,0,0,0,9,
Llama3.1,user_task_13,artifact_action,A0_vs_A2,A0,A2,9,1.0,1.0,0.0,0.0,0.0,0,0,0,9,
Llama3.1,user_task_14,artifact_action,A0_vs_A1,A0,A1,9,0.3333333333333333,0.3333333333333333,0.0,0.0,0.0,6,0,0,3,
Llama3.1,user_task_14,artifact_action,A1_vs_A2,A1,A2,9,0.3333333333333333,0.7777777777777778,0.4444444444444444,0.1111111111111111,0.7777777777777778,2,4,0,3,0.125
Llama3.1,user_task_14,artifact_action,A0_vs_A2,A0,A2,9,0.3333333333333333,0.7777777777777778,0.4444444444444444,0.1111111111111111,0.7777777777777778,2,4,0,3,0.125
Llama3.1,user_task_15,artifact_action,A0_vs_A1,A0,A1,9,0.3333333333333333,0.5555555555555556,0.2222222222222222,0.0,0.5555555555555556,4,2,0,3,0.5
Llama3.1,user_task_15,artifact_action,A1_vs_A2,A1,A2,9,0.5555555555555556,0.8888888888888888,0.3333333333333333,0.10833333333333428,0.6666666666666666,1,3,0,5,0.25
Llama3.1,user_task_15,artifact_action,A0_vs_A2,A0,A2,9,0.3333333333333333,0.8888888888888888,0.5555555555555556,0.2222222222222222,0.8888888888888888,1,5,0,3,0.0625
Llama3.1,user_task_16,artifact_action,A0_vs_A1,A0,A1,9,0.0,0.3333333333333333,0.3333333333333333,0.1111111111111111,0.6666666666666666,6,3,0,0,0.25
Llama3.1,user_task_16,artifact_action,A1_vs_A2,A1,A2,9,0.3333333333333333,0.4444444444444444,0.1111111111111111,-0.2222222222222222,0.4444444444444444,4,2,1,2,1.0
Llama3.1,user_task_16,artifact_action,A0_vs_A2,A0,A2,9,0.0,0.4444444444444444,0.4444444444444444,0.1111111111111111,0.7777777777777778,5,4,0,0,0.125
Llama3.1,user_task_17,artifact_action,A0_vs_A1,A0,A1,9,1.0,1.0,0.0,0.0,0.0,0,0,0,9,
Llama3.1,user_task_17,artifact_action,A1_vs_A2,A1,A2,9,1.0,1.0,0.0,0.0,0.0,0,0,0,9,
Llama3.1,user_task_17,artifact_action,A0_vs_A2,A0,A2,9,1.0,1.0,0.0,0.0,0.0,0,0,0,9,
Llama3.1,user_task_18,artifact_action,A0_vs_A1,A0,A1,9,0.5555555555555556,0.6666666666666666,0.1111111111111111,-0.3333333333333333,0.5555555555555556,1,3,2,3,1.0
Llama3.1,user_task_18,artifact_action,A1_vs_A2,A1,A2,9,0.6666666666666666,0.3333333333333333,-0.3333333333333333,-0.6666666666666666,-0.10833333333337375,3,0,3,3,0.25
Llama3.1,user_task_18,artifact_action,A0_vs_A2,A0,A2,9,0.5555555555555556,0.3333333333333333,-0.2222222222222222,-0.5555555555555556,0.0,4,0,2,3,0.5
Llama3.1,user_task_19,artifact_action,A0_vs_A1,A0,A1,9,0.8888888888888888,1.0,0.1111111111111111,0.0,0.3333333333333333,0,1,0,8,1.0
Llama3.1,user_task_19,artifact_action,A1_vs_A2,A1,A2,9,1.0,1.0,0.0,0.0,0.0,0,0,0,9,
Llama3.1,user_task_19,artifact_action,A0_vs_A2,A0,A2,9,0.8888888888888888,1.0,0.1111111111111111,0.0,0.3333333333333333,0,1,0,8,1.0
Llama3.1,user_task_2,artifact_action,A0_vs_A1,A0,A1,9,0.6666666666666666,0.0,-0.6666666666666666,-1.0,-0.3333333333333333,3,0,6,0,0.03125
Llama3.1,user_task_2,artifact_action,A1_vs_A2,A1,A2,9,0.0,0.3333333333333333,0.3333333333333333,0.1111111111111111,0.6666666666666666,6,3,0,0,0.25
Llama3.1,user_task_2,artifact_action,A0_vs_A2,A0,A2,9,0.6666666666666666,0.3333333333333333,-0.3333333333333333,-0.7777777777777778,0.1111111111111111,2,1,4,2,0.375
Llama3.1,user_task_3,artifact_action,A0_vs_A1,A0,A1,9,0.5555555555555556,0.6666666666666666,0.1111111111111111,0.0,0.3333333333333333,3,1,0,5,1.0
Llama3.1,user_task_3,artifact_action,A1_vs_A2,A1,A2,9,0.6666666666666666,0.4444444444444444,-0.2222222222222222,-0.6666666666666666,0.3333333333333333,1,2,4,2,0.6875
Llama3.1,user_task_3,artifact_action,A0_vs_A2,A0,A2,9,0.5555555555555556,0.4444444444444444,-0.1111111111111111,-0.5555555555555556,0.3333333333333333,2,2,3,2,1.0
Llama3.1,user_task_4,artifact_action,A0_vs_A1,A0,A1,9,0.6666666666666666,0.6666666666666666,0.0,-0.4444444444444444,0.4444444444444444,1,2,2,4,1.0
Llama3.1,user_task_4,artifact_action,A1_vs_A2,A1,A2,9,0.6666666666666666,0.5555555555555556,-0.1111111111111111,-0.5555555555555556,0.3333333333333333,1,2,3,3,1.0
Llama3.1,user_task_4,artifact_action,A0_vs_A2,A0,A2,9,0.6666666666666666,0.5555555555555556,-0.1111111111111111,-0.4444444444444444,0.2222222222222222,2,1,2,4,1.0
Llama3.1,user_task_5,artifact_action,A0_vs_A1,A0,A1,9,0.3333333333333333,0.6666666666666666,0.3333333333333333,-0.3333333333333333,1.0,0,6,3,0,0.5078125
Llama3.1,user_task_5,artifact_action,A1_vs_A2,A1,A2,9,0.6666666666666666,0.7777777777777778,0.1111111111111111,-0.2222222222222222,0.4444444444444444,1,2,1,5,1.0
Llama3.1,user_task_5,artifact_action,A0_vs_A2,A0,A2,9,0.3333333333333333,0.7777777777777778,0.4444444444444444,0.0,0.8888888888888888,1,5,1,2,0.21875
Llama3.1,user_task_6,artifact_action,A0_vs_A1,A0,A1,9,1.0,1.0,0.0,0.0,0.0,0,0,0,9,
Llama3.1,user_task_6,artifact_action,A1_vs_A2,A1,A2,9,1.0,0.8888888888888888,-0.1111111111111111,-0.3333333333333333,0.0,0,0,1,8,1.0
Llama3.1,user_task_6,artifact_action,A0_vs_A2,A0,A2,9,1.0,0.8888888888888888,-0.1111111111111111,-0.3333333333333333,0.0,0,0,1,8,1.0
Llama3.1,user_task_7,artifact_action,A0_vs_A1,A0,A1,9,0.3333333333333333,1.0,0.6666666666666666,0.3333333333333333,1.0,0,6,0,3,0.03125
Llama3.1,user_task_7,artifact_action,A1_vs_A2,A1,A2,9,1.0,1.0,0.0,0.0,0.0,0,0,0,9,
Llama3.1,user_task_7,artifact_action,A0_vs_A2,A0,A2,9,0.3333333333333333,1.0,0.6666666666666666,0.3333333333333333,0.8888888888888888,0,6,0,3,0.03125
Llama3.1,user_task_8,artifact_action,A0_vs_A1,A0,A1,9,0.0,0.3333333333333333,0.3333333333333333,0.1111111111111111,0.6666666666666666,6,3,0,0,0.25
Llama3.1,user_task_8,artifact_action,A1_vs_A2,A1,A2,9,0.3333333333333333,0.2222222222222222,-0.1111111111111111,-0.4444444444444444,0.2222222222222222,5,1,2,1,1.0
Llama3.1,user_task_8,artifact_action,A0_vs_A2,A0,A2,9,0.0,0.2222222222222222,0.2222222222222222,0.0,0.5555555555555556,7,2,0,0,0.5
Llama3.1,user_task_9,artifact_action,A0_vs_A1,A0,A1,9,0.8888888888888888,0.3333333333333333,-0.5555555555555556,-0.8888888888888888,-0.1111111111111111,0,1,6,2,0.125
Llama3.1,user_task_9,artifact_action,A1_vs_A2,A1,A2,9,0.3333333333333333,0.5555555555555556,0.2222222222222222,0.0,0.5555555555555556,4,2,0,3,0.5
Llama3.1,user_task_9,artifact_action,A0_vs_A2,A0,A2,9,0.8888888888888888,0.5555555555555556,-0.3333333333333333,-0.7777777777777778,0.1111111111111111,0,1,4,4,0.375
Mistral,user_task_0,artifact_action,A0_vs_A1,A0,A1,9,0.8888888888888888,0.7777777777777778,-0.1111111111111111,-0.3333333333333333,0.0,1,0,1,7,1.0
Mistral,user_task_0,artifact_action,A1_vs_A2,A1,A2,9,0.7777777777777778,0.7777777777777778,0.0,0.0,0.0,2,0,0,7,
Mistral,user_task_0,artifact_action,A0_vs_A2,A0,A2,9,0.8888888888888888,0.7777777777777778,-0.1111111111111111,-0.3333333333333333,0.0,1,0,1,7,1.0
Mistral,user_task_1,artifact_action,A0_vs_A1,A0,A1,9,0.8888888888888888,0.8888888888888888,0.0,0.0,0.0,1,0,0,8,
Mistral,user_task_1,artifact_action,A1_vs_A2,A1,A2,9,0.8888888888888888,1.0,0.1111111111111111,0.0,0.3333333333333333,0,1,0,8,1.0
Mistral,user_task_1,artifact_action,A0_vs_A2,A0,A2,9,0.8888888888888888,1.0,0.1111111111111111,0.0,0.3333333333333333,0,1,0,8,1.0
Mistral,user_task_10,artifact_action,A0_vs_A1,A0,A1,9,0.0,0.0,0.0,0.0,0.0,9,0,0,0,
Mistral,user_task_10,artifact_action,A1_vs_A2,A1,A2,9,0.0,0.0,0.0,0.0,0.0,9,0,0,0,
Mistral,user_task_10,artifact_action,A0_vs_A2,A0,A2,9,0.0,0.0,0.0,0.0,0.0,9,0,0,0,
Mistral,user_task_11,artifact_action,A0_vs_A1,A0,A1,9,0.0,0.0,0.0,0.0,0.0,9,0,0,0,
Mistral,user_task_11,artifact_action,A1_vs_A2,A1,A2,9,0.0,0.0,0.0,0.0,0.0,9,0,0,0,
Mistral,user_task_11,artifact_action,A0_vs_A2,A0,A2,9,0.0,0.0,0.0,0.0,0.0,9,0,0,0,
Mistral,user_task_12,artifact_action,A0_vs_A1,A0,A1,9,0.0,0.0,0.0,0.0,0.0,9,0,0,0,
Mistral,user_task_12,artifact_action,A1_vs_A2,A1,A2,9,0.0,0.0,0.0,0.0,0.0,9,0,0,0,
Mistral,user_task_12,artifact_action,A0_vs_A2,A0,A2,9,0.0,0.0,0.0,0.0,0.0,9,0,0,0,
Mistral,user_task_13,artifact_action,A0_vs_A1,A0,A1,9,0.0,0.0,0.0,0.0,0.0,9,0,0,0,
Mistral,user_task_13,artifact_action,A1_vs_A2,A1,A2,9,0.0,0.0,0.0,0.0,0.0,9,0,0,0,
Mistral,user_task_13,artifact_action,A0_vs_A2,A0,A2,9,0.0,0.0,0.0,0.0,0.0,9,0,0,0,
Mistral,user_task_14,artifact_action,A0_vs_A1,A0,A1,9,0.0,0.0,0.0,0.0,0.0,9,0,0,0,
Mistral,user_task_14,artifact_action,A1_vs_A2,A1,A2,9,0.0,0.1111111111111111,0.1111111111111111,0.0,0.3333333333333333,8,1,0,0,1.0
Mistral,user_task_14,artifact_action,A0_vs_A2,A0,A2,9,0.0,0.1111111111111111,0.1111111111111111,0.0,0.3333333333333333,8,1,0,0,1.0
Mistral,user_task_15,artifact_action,A0_vs_A1,A0,A1,9,0.0,0.0,0.0,0.0,0.0,9,0,0,0,
Mistral,user_task_15,artifact_action,A1_vs_A2,A1,A2,9,0.0,0.0,0.0,0.0,0.0,9,0,0,0,
Mistral,user_task_15,artifact_action,A0_vs_A2,A0,A2,9,0.0,0.0,0.0,0.0,0.0,9,0,0,0,
Mistral,user_task_16,artifact_action,A0_vs_A1,A0,A1,9,0.6666666666666666,0.6666666666666666,0.0,0.0,0.0,3,0,0,6,
Mistral,user_task_16,artifact_action,A1_vs_A2,A1,A2,9,0.6666666666666666,0.6666666666666666,0.0,0.0,0.0,3,0,0,6,
Mistral,user_task_16,artifact_action,A0_vs_A2,A0,A2,9,0.6666666666666666,0.6666666666666666,0.0,0.0,0.0,3,0,0,6,
Mistral,user_task_17,artifact_action,A0_vs_A1,A0,A1,9,0.0,0.0,0.0,0.0,0.0,9,0,0,0,
Mistral,user_task_17,artifact_action,A1_vs_A2,A1,A2,9,0.0,0.0,0.0,0.0,0.0,9,0,0,0,
Mistral,user_task_17,artifact_action,A0_vs_A2,A0,A2,9,0.0,0.0,0.0,0.0,0.0,9,0,0,0,
Mistral,user_task_18,artifact_action,A0_vs_A1,A0,A1,9,0.0,0.0,0.0,0.0,0.0,9,0,0,0,
Mistral,user_task_18,artifact_action,A1_vs_A2,A1,A2,9,0.0,0.0,0.0,0.0,0.0,9,0,0,0,
Mistral,user_task_18,artifact_action,A0_vs_A2,A0,A2,9,0.0,0.0,0.0,0.0,0.0,9,0,0,0,
Mistral,user_task_19,artifact_action,A0_vs_A1,A0,A1,9,0.0,0.0,0.0,0.0,0.0,9,0,0,0,
Mistral,user_task_19,artifact_action,A1_vs_A2,A1,A2,9,0.0,0.0,0.0,0.0,0.0,9,0,0,0,
Mistral,user_task_19,artifact_action,A0_vs_A2,A0,A2,9,0.0,0.0,0.0,0.0,0.0,9,0,0,0,
Mistral,user_task_2,artifact_action,A0_vs_A1,A0,A1,9,0.0,0.0,0.0,0.0,0.0,9,0,0,0,
Mistral,user_task_2,artifact_action,A1_vs_A2,A1,A2,9,0.0,0.0,0.0,0.0,0.0,9,0,0,0,
Mistral,user_task_2,artifact_action,A0_vs_A2,A0,A2,9,0.0,0.0,0.0,0.0,0.0,9,0,0,0,
Mistral,user_task_3,artifact_action,A0_vs_A1,A0,A1,9,0.6666666666666666,0.6666666666666666,0.0,-0.5555555555555556,0.5555555555555556,0,3,3,3,1.0
Mistral,user_task_3,artifact_action,A1_vs_A2,A1,A2,9,0.6666666666666666,0.8888888888888888,0.2222222222222222,0.0,0.5555555555555556,1,2,0,6,0.5
Mistral,user_task_3,artifact_action,A0_vs_A2,A0,A2,9,0.6666666666666666,0.8888888888888888,0.2222222222222222,-0.2222222222222222,0.6666666666666666,0,3,1,5,0.625
Mistral,user_task_4,artifact_action,A0_vs_A1,A0,A1,9,1.0,0.6666666666666666,-0.3333333333333333,-0.6666666666666666,-0.1111111111111111,0,0,3,6,0.25
Mistral,user_task_4,artifact_action,A1_vs_A2,A1,A2,9,0.6666666666666666,0.7777777777777778,0.1111111111111111,0.0,0.3333333333333333,2,1,0,6,1.0
Mistral,user_task_4,artifact_action,A0_vs_A2,A0,A2,9,1.0,0.7777777777777778,-0.2222222222222222,-0.5555555555555556,0.0,0,0,2,7,0.5
Mistral,user_task_5,artifact_action,A0_vs_A1,A0,A1,9,0.0,0.0,0.0,0.0,0.0,9,0,0,0,
Mistral,user_task_5,artifact_action,A1_vs_A2,A1,A2,9,0.0,0.3333333333333333,0.3333333333333333,0.0,0.6666666666666666,6,3,0,0,0.25
Mistral,user_task_5,artifact_action,A0_vs_A2,A0,A2,9,0.0,0.3333333333333333,0.3333333333333333,0.0,0.6666666666666666,6,3,0,0,0.25
Mistral,user_task_6,artifact_action,A0_vs_A1,A0,A1,9,0.0,0.0,0.0,0.0,0.0,9,0,0,0,
Mistral,user_task_6,artifact_action,A1_vs_A2,A1,A2,9,0.0,0.0,0.0,0.0,0.0,9,0,0,0,
Mistral,user_task_6,artifact_action,A0_vs_A2,A0,A2,9,0.0,0.0,0.0,0.0,0.0,9,0,0,0,
Mistral,user_task_7,artifact_action,A0_vs_A1,A0,A1,9,0.0,0.0,0.0,0.0,0.0,9,0,0,0,
Mistral,user_task_7,artifact_action,A1_vs_A2,A1,A2,9,0.0,0.0,0.0,0.0,0.0,9,0,0,0,
Mistral,user_task_7,artifact_action,A0_vs_A2,A0,A2,9,0.0,0.0,0.0,0.0,0.0,9,0,0,0,
Mistral,user_task_8,artifact_action,A0_vs_A1,A0,A1,9,0.0,0.0,0.0,0.0,0.0,9,0,0,0,
Mistral,user_task_8,artifact_action,A1_vs_A2,A1,A2,9,0.0,0.2222222222222222,0.2222222222222222,0.0,0.5555555555555556,7,2,0,0,0.5
Mistral,user_task_8,artifact_action,A0_vs_A2,A0,A2,9,0.0,0.2222222222222222,0.2222222222222222,0.0,0.5555555555555556,7,2,0,0,0.5
Mistral,user_task_9,artifact_action,A0_vs_A1,A0,A1,9,0.0,0.0,0.0,0.0,0.0,9,0,0,0,
Mistral,user_task_9,artifact_action,A1_vs_A2,A1,A2,9,0.0,0.0,0.0,0.0,0.0,9,0,0,0,
Mistral,user_task_9,artifact_action,A0_vs_A2,A0,A2,9,0.0,0.0,0.0,0.0,0.0,9,0,0,0,
Qwen,user_task_0,artifact_action,A0_vs_A1,A0,A1,9,0.4444444444444444,0.2222222222222222,-0.2222222222222222,-0.5555555555555556,0.0,5,0,2,2,0.5
Qwen,user_task_0,artifact_action,A1_vs_A2,A1,A2,9,0.2222222222222222,0.4444444444444444,0.2222222222222222,0.0,0.5555555555555556,5,2,0,2,0.5
Qwen,user_task_0,artifact_action,A0_vs_A2,A0,A2,9,0.4444444444444444,0.4444444444444444,0.0,0.0,0.0,5,0,0,4,
Qwen,user_task_1,artifact_action,A0_vs_A1,A0,A1,9,0.1111111111111111,0.5555555555555556,0.4444444444444444,0.0,0.8888888888888888,3,5,1,0,0.21875
Qwen,user_task_1,artifact_action,A1_vs_A2,A1,A2,9,0.5555555555555556,1.0,0.4444444444444444,0.1111111111111111,0.7777777777777778,0,4,0,5,0.125
Qwen,user_task_1,artifact_action,A0_vs_A2,A0,A2,9,0.1111111111111111,1.0,0.8888888888888888,0.6666666666666666,1.0,0,8,0,1,0.0078125
Qwen,user_task_10,artifact_action,A0_vs_A1,A0,A1,9,0.3333333333333333,0.5555555555555556,0.2222222222222222,0.0,0.5555555555555556,4,2,0,3,0.5
Qwen,user_task_10,artifact_action,A1_vs_A2,A1,A2,9,0.5555555555555556,0.5555555555555556,0.0,0.0,0.0,4,0,0,5,
Qwen,user_task_10,artifact_action,A0_vs_A2,A0,A2,9,0.3333333333333333,0.5555555555555556,0.2222222222222222,0.0,0.5555555555555556,4,2,0,3,0.5
Qwen,user_task_11,artifact_action,A0_vs_A1,A0,A1,9,1.0,1.0,0.0,0.0,0.0,0,0,0,9,
Qwen,user_task_11,artifact_action,A1_vs_A2,A1,A2,9,1.0,0.6666666666666666,-0.3333333333333333,-0.6666666666666666,0.0,0,0,3,6,0.25
Qwen,user_task_11,artifact_action,A0_vs_A2,A0,A2,9,1.0,0.6666666666666666,-0.3333333333333333,-0.6666666666666666,0.0,0,0,3,6,0.25
Qwen,user_task_12,artifact_action,A0_vs_A1,A0,A1,9,0.4444444444444444,0.1111111111111111,-0.3333333333333333,-0.6666666666666666,-0.1111111111111111,5,0,3,1,0.25
Qwen,user_task_12,artifact_action,A1_vs_A2,A1,A2,9,0.1111111111111111,0.2222222222222222,0.1111111111111111,0.0,0.3333333333333333,7,1,0,1,1.0
Qwen,user_task_12,artifact_action,A0_vs_A2,A0,A2,9,0.4444444444444444,0.2222222222222222,-0.2222222222222222,-0.5555555555555556,0.0,5,0,2,2,0.5
Qwen,user_task_13,artifact_action,A0_vs_A1,A0,A1,9,0.0,0.0,0.0,0.0,0.0,9,0,0,0,
Qwen,user_task_13,artifact_action,A1_vs_A2,A1,A2,9,0.0,0.0,0.0,0.0,0.0,9,0,0,0,
Qwen,user_task_13,artifact_action,A0_vs_A2,A0,A2,9,0.0,0.0,0.0,0.0,0.0,9,0,0,0,
Qwen,user_task_14,artifact_action,A0_vs_A1,A0,A1,9,0.0,0.1111111111111111,0.1111111111111111,0.0,0.3333333333333333,8,1,0,0,1.0
Qwen,user_task_14,artifact_action,A1_vs_A2,A1,A2,9,0.1111111111111111,0.2222222222222222,0.1111111111111111,-0.2222222222222222,0.4444444444444444,6,2,1,0,1.0
Qwen,user_task_14,artifact_action,A0_vs_A2,A0,A2,9,0.0,0.2222222222222222,0.2222222222222222,0.0,0.5555555555555556,7,2,0,0,0.5
Qwen,user_task_15,artifact_action,A0_vs_A1,A0,A1,9,0.0,0.5555555555555556,0.5555555555555556,0.2222222222222222,0.8888888888888888,4,5,0,0,0.0625
Qwen,user_task_15,artifact_action,A1_vs_A2,A1,A2,9,0.5555555555555556,0.6666666666666666,0.1111111111111111,-0.3333333333333333,0.5555555555555556,1,3,2,3,1.0
Qwen,user_task_15,artifact_action,A0_vs_A2,A0,A2,9,0.0,0.6666666666666666,0.6666666666666666,0.3333333333333333,0.8888888888888888,3,6,0,0,0.03125
Qwen,user_task_16,artifact_action,A0_vs_A1,A0,A1,9,1.0,1.0,0.0,0.0,0.0,0,0,0,9,
Qwen,user_task_16,artifact_action,A1_vs_A2,A1,A2,9,1.0,1.0,0.0,0.0,0.0,0,0,0,9,
Qwen,user_task_16,artifact_action,A0_vs_A2,A0,A2,9,1.0,1.0,0.0,0.0,0.0,0,0,0,9,
Qwen,user_task_17,artifact_action,A0_vs_A1,A0,A1,9,0.6666666666666666,0.6666666666666666,0.0,-0.4444444444444444,0.4444444444444444,1,2,2,4,1.0
Qwen,user_task_17,artifact_action,A1_vs_A2,A1,A2,9,0.6666666666666666,0.5555555555555556,-0.1111111111111111,-0.5555555555555556,0.3333333333333333,1,2,3,3,1.0
Qwen,user_task_17,artifact_action,A0_vs_A2,A0,A2,9,0.6666666666666666,0.5555555555555556,-0.1111111111111111,-0.4444444444444444,0.2222222222222222,2,1,2,4,1.0
Qwen,user_task_18,artifact_action,A0_vs_A1,A0,A1,9,0.3333333333333333,0.3333333333333333,0.0,0.0,0.0,6,0,0,3,
Qwen,user_task_18,artifact_action,A1_vs_A2,A1,A2,9,0.3333333333333333,0.4444444444444444,0.1111111111111111,-0.3333333333333333,0.5555555555555556,3,3,2,1,1.0
Qwen,user_task_18,artifact_action,A0_vs_A2,A0,A2,9,0.3333333333333333,0.4444444444444444,0.1111111111111111,-0.3333333333333333,0.5555555555555556,3,3,2,1,1.0
Qwen,user_task_19,artifact_action,A0_vs_A1,A0,A1,9,0.4444444444444444,0.1111111111111111,-0.3333333333333333,-0.6666666666666666,0.0,5,0,3,1,0.25
Qwen,user_task_19,artifact_action,A1_vs_A2,A1,A2,9,0.1111111111111111,0.3333333333333333,0.2222222222222222,0.0,0.5555555555555556,6,2,0,1,0.5
Qwen,user_task_19,artifact_action,A0_vs_A2,A0,A2,9,0.4444444444444444,0.3333333333333333,-0.1111111111111111,-0.3333333333333333,0.0,5,0,1,3,1.0
Qwen,user_task_2,artifact_action,A0_vs_A1,A0,A1,9,0.1111111111111111,0.3333333333333333,0.2222222222222222,0.0,0.5555555555555556,6,2,0,1,0.5
Qwen,user_task_2,artifact_action,A1_vs_A2,A1,A2,9,0.3333333333333333,0.5555555555555556,0.2222222222222222,-0.3333333333333333,0.6666666666666666,2,4,2,1,0.6875
Qwen,user_task_2,artifact_action,A0_vs_A2,A0,A2,9,0.1111111111111111,0.5555555555555556,0.4444444444444444,0.0,0.8888888888888888,3,5,1,0,0.21875
Qwen,user_task_3,artifact_action,A0_vs_A1,A0,A1,9,0.2222222222222222,0.6666666666666666,0.4444444444444444,-0.1111111111111111,1.0,1,6,2,0,0.2890625
Qwen,user_task_3,artifact_action,A1_vs_A2,A1,A2,9,0.6666666666666666,0.5555555555555556,-0.1111111111111111,-0.5555555555555556,0.3333333333333333,1,2,3,3,1.0
Qwen,user_task_3,artifact_action,A0_vs_A2,A0,A2,9,0.2222222222222222,0.5555555555555556,0.3333333333333333,0.0,0.6666666666666666,4,3,0,2,0.25
Qwen,user_task_4,artifact_action,A0_vs_A1,A0,A1,9,0.2222222222222222,0.4444444444444444,0.2222222222222222,0.0,0.5555555555555556,5,2,0,2,0.5
Qwen,user_task_4,artifact_action,A1_vs_A2,A1,A2,9,0.4444444444444444,0.1111111111111111,-0.3333333333333333,-0.7777777777777778,0.1111111111111111,4,1,4,0,0.375
Qwen,user_task_4,artifact_action,A0_vs_A2,A0,A2,9,0.2222222222222222,0.1111111111111111,-0.1111111111111111,-0.4444444444444444,0.2222222222222222,6,1,2,0,1.0
Qwen,user_task_5,artifact_action,A0_vs_A1,A0,A1,9,0.8888888888888888,0.5555555555555556,-0.3333333333333333,-0.6666666666666666,-0.1111111111111111,1,0,3,5,0.25
Qwen,user_task_5,artifact_action,A1_vs_A2,A1,A2,9,0.5555555555555556,0.6666666666666666,0.1111111111111111,0.0,0.3333333333333333,3,1,0,5,1.0
Qwen,user_task_5,artifact_action,A0_vs_A2,A0,A2,9,0.8888888888888888,0.6666666666666666,-0.2222222222222222,-0.5555555555555556,0.0,1,0,2,6,0.5
Qwen,user_task_6,artifact_action,A0_vs_A1,A0,A1,9,0.4444444444444444,0.3333333333333333,-0.1111111111111111,-0.4444444444444444,0.2222222222222222,4,1,2,2,1.0
Qwen,user_task_6,artifact_action,A1_vs_A2,A1,A2,9,0.3333333333333333,0.5555555555555556,0.2222222222222222,-0.2222222222222222,0.6666666666666666,3,3,1,2,0.625
Qwen,user_task_6,artifact_action,A0_vs_A2,A0,A2,9,0.4444444444444444,0.5555555555555556,0.1111111111111111,-0.2222222222222222,0.4444444444444444,3,2,1,3,1.0
Qwen,user_task_7,artifact_action,A0_vs_A1,A0,A1,9,0.0,0.3333333333333333,0.3333333333333333,0.0,0.6666666666666666,6,3,0,0,0.25
Qwen,user_task_7,artifact_action,A1_vs_A2,A1,A2,9,0.3333333333333333,0.3333333333333333,0.0,0.0,0.0,6,0,0,3,
Qwen,user_task_7,artifact_action,A0_vs_A2,A0,A2,9,0.0,0.3333333333333333,0.3333333333333333,0.1111111111111111,0.6666666666666666,6,3,0,0,0.25
Qwen,user_task_8,artifact_action,A0_vs_A1,A0,A1,9,0.0,0.6666666666666666,0.6666666666666666,0.3333333333333333,1.0,3,6,0,0,0.03125
Qwen,user_task_8,artifact_action,A1_vs_A2,A1,A2,9,0.6666666666666666,0.4444444444444444,-0.2222222222222222,-0.5555555555555556,0.0,3,0,2,4,0.5
Qwen,user_task_8,artifact_action,A0_vs_A2,A0,A2,9,0.0,0.4444444444444444,0.4444444444444444,0.1111111111111111,0.7777777777777778,5,4,0,0,0.125
Qwen,user_task_9,artifact_action,A0_vs_A1,A0,A1,9,0.0,0.4444444444444444,0.4444444444444444,0.1111111111111111,0.7777777777777778,5,4,0,0,0.125
Qwen,user_task_9,artifact_action,A1_vs_A2,A1,A2,9,0.4444444444444444,0.8888888888888888,0.4444444444444444,0.1111111111111111,0.7777777777777778,1,4,0,4,0.125
Qwen,user_task_9,artifact_action,A0_vs_A2,A0,A2,9,0.0,0.8888888888888888,0.8888888888888888,0.6666666666666666,1.0,1,8,0,0,0.0078125
