model,A0_rate,E0_rate,ci_high,ci_low,comparison,delta_right_minus_left,mcnemar_exact_p,metric,n,n00,n01_left0_right1,n10_left1_right0,n11
Llama3.1,0.6,0.0,0.6722222222222223,0.5277777777777778,E0_vs_A0,0.6,6.162975822039155e-33,malicious_selected,180,72,108,0,0
Llama3.1,0.6,0.0,0.6722222222222223,0.5277777777777778,E0_vs_A0,0.6,6.162975822039155e-33,artifact_action,180,72,108,0,0
Llama3.1,0.6,0.0,0.6722222222222223,0.5277777777777778,E0_vs_A0,0.6,6.162975822039155e-33,attack_success_human,180,72,108,0,0
Llama3.1,0.0,0.0,0.0,0.0,E0_vs_A0,0.0,,legitimate_utility,180,180,0,0,0
Qwen,0.3333333333333333,0.0,0.4,0.2666666666666666,E0_vs_A0,0.3333333333333333,1.734723475976807e-18,malicious_selected,180,120,60,0,0
Qwen,0.3333333333333333,0.0,0.4,0.2666666666666666,E0_vs_A0,0.3333333333333333,1.734723475976807e-18,artifact_action,180,120,60,0,0
Qwen,0.3333333333333333,0.0,0.4,0.2666666666666666,E0_vs_A0,0.3333333333333333,1.734723475976807e-18,attack_success_human,180,120,60,0,0
Qwen,0.1944444444444444,0.2166666666666666,0.0388888888888888,-0.0833333333333333,E0_vs_A0,-0.0222222222222222,0.584664711728692,legitimate_utility,180,128,13,17,22
Gemma,0.0,0.0,0.0,0.0,E0_vs_A0,0.0,,malicious_selected,180,180,0,0,0
Gemma,0.0,0.0,0.0,0.0,E0_vs_A0,0.0,,artifact_action,180,180,0,0,0
Gemma,0.0,0.0,0.0,0.0,E0_vs_A0,0.0,,attack_success_human,180,180,0,0,0
Gemma,0.0777777777777777,0.15,-0.0277777777777777,-0.1166666666666666,E0_vs_A0,-0.0722222222222222,0.002349853515625,legitimate_utility,180,151,2,15,12
Mistral,0.2055555555555555,0.0333333333333333,0.2277777777777777,0.1222222222222222,E0_vs_A0,0.1722222222222222,9.313225746154783e-10,malicious_selected,180,143,31,0,6
Mistral,0.2055555555555555,0.0333333333333333,0.2277777777777777,0.1222222222222222,E0_vs_A0,0.1722222222222222,9.313225746154783e-10,artifact_action,180,143,31,0,6
Mistral,0.2055555555555555,0.0333333333333333,0.2277777777777777,0.1222222222222222,E0_vs_A0,0.1722222222222222,9.313225746154783e-10,attack_success_human,180,143,31,0,6
Mistral,0.0,0.05,-0.0222222222222222,-0.0833333333333333,E0_vs_A0,-0.05,0.00390625,legitimate_utility,180,171,0,9,0
DeepSeek,0.0,0.0,0.0,0.0,E0_vs_A0,0.0,,malicious_selected,180,180,0,0,0
DeepSeek,0.0,0.0,0.0,0.0,E0_vs_A0,0.0,,artifact_action,180,180,0,0,0
DeepSeek,0.0,0.0,0.0,0.0,E0_vs_A0,0.0,,attack_success_human,180,180,0,0,0
DeepSeek,0.0,0.0111111111111111,0.0,-0.0277777777777777,E0_vs_A0,-0.0111111111111111,0.5,legitimate_utility,180,178,0,2,0
