artifact_set_id,base_task_id,benign_matched_id,benign_weak_id,candidate_order,carrier_id,clean_run_id,desire_id,external_run_id,malicious_artifact_id,pair_id,seed,user_context_run_id
T000_D01_ASET01,user_task_0,T000_D01_BM01,T000_D01_BW01,"[""T000_D01_BW01"", ""T000_D01_M01"", ""T000_D01_BM01""]",T000_D01_C01,EXP1_T000_D01_CLEAN,T000_D01,EXP1_T000_D01_C01_E,T000_D01_M01,EXP1_T000_D01_C01,1245,EXP1_T000_D01_C01_UC
T000_D01_ASET01,user_task_0,T000_D01_BM01,T000_D01_BW01,"[""T000_D01_M01"", ""T000_D01_BM01"", ""T000_D01_BW01""]",T000_D01_C02,EXP1_T000_D01_CLEAN,T000_D01,EXP1_T000_D01_C02_E,T000_D01_M01,EXP1_T000_D01_C02,1246,EXP1_T000_D01_C02_UC
T000_D01_ASET01,user_task_0,T000_D01_BM01,T000_D01_BW01,"[""T000_D01_BM01"", ""T000_D01_BW01"", ""T000_D01_M01""]",T000_D01_C03,EXP1_T000_D01_CLEAN,T000_D01,EXP1_T000_D01_C03_E,T000_D01_M01,EXP1_T000_D01_C03,1247,EXP1_T000_D01_C03_UC
T000_D02_ASET01,user_task_0,T000_D02_BM01,T000_D02_BW01,"[""T000_D02_M01"", ""T000_D02_BM01"", ""T000_D02_BW01""]",T000_D02_C01,EXP1_T000_D02_CLEAN,T000_D02,EXP1_T000_D02_C01_E,T000_D02_M01,EXP1_T000_D02_C01,1255,EXP1_T000_D02_C01_UC
T000_D02_ASET01,user_task_0,T000_D02_BM01,T000_D02_BW01,"[""T000_D02_BM01"", ""T000_D02_BW01"", ""T000_D02_M01""]",T000_D02_C02,EXP1_T000_D02_CLEAN,T000_D02,EXP1_T000_D02_C02_E,T000_D02_M01,EXP1_T000_D02_C02,1256,EXP1_T000_D02_C02_UC
T000_D02_ASET01,user_task_0,T000_D02_BM01,T000_D02_BW01,"[""T000_D02_BW01"", ""T000_D02_M01"", ""T000_D02_BM01""]",T000_D02_C03,EXP1_T000_D02_CLEAN,T000_D02,EXP1_T000_D02_C03_E,T000_D02_M01,EXP1_T000_D02_C03,1257,EXP1_T000_D02_C03_UC
T000_D03_ASET01,user_task_0,T000_D03_BM01,T000_D03_BW01,"[""T000_D03_BM01"", ""T000_D03_BW01"", ""T000_D03_M01""]",T000_D03_C01,EXP1_T000_D03_CLEAN,T000_D03,EXP1_T000_D03_C01_E,T000_D03_M01,EXP1_T000_D03_C01,1265,EXP1_T000_D03_C01_UC
T000_D03_ASET01,user_task_0,T000_D03_BM01,T000_D03_BW01,"[""T000_D03_BW01"", ""T000_D03_M01"", ""T000_D03_BM01""]",T000_D03_C02,EXP1_T000_D03_CLEAN,T000_D03,EXP1_T000_D03_C02_E,T000_D03_M01,EXP1_T000_D03_C02,1266,EXP1_T000_D03_C02_UC
T000_D03_ASET01,user_task_0,T000_D03_BM01,T000_D03_BW01,"[""T000_D03_M01"", ""T000_D03_BM01"", ""T000_D03_BW01""]",T000_D03_C03,EXP1_T000_D03_CLEAN,T000_D03,EXP1_T000_D03_C03_E,T000_D03_M01,EXP1_T000_D03_C03,1267,EXP1_T000_D03_C03_UC
T001_D01_ASET01,user_task_1,T001_D01_BM01,T001_D01_BW01,"[""T001_D01_M01"", ""T001_D01_BM01"", ""T001_D01_BW01""]",T001_D01_C01,EXP1_T001_D01_CLEAN,T001_D01,EXP1_T001_D01_C01_E,T001_D01_M01,EXP1_T001_D01_C01,1345,EXP1_T001_D01_C01_UC
T001_D01_ASET01,user_task_1,T001_D01_BM01,T001_D01_BW01,"[""T001_D01_BM01"", ""T001_D01_BW01"", ""T001_D01_M01""]",T001_D01_C02,EXP1_T001_D01_CLEAN,T001_D01,EXP1_T001_D01_C02_E,T001_D01_M01,EXP1_T001_D01_C02,1346,EXP1_T001_D01_C02_UC
T001_D01_ASET01,user_task_1,T001_D01_BM01,T001_D01_BW01,"[""T001_D01_BW01"", ""T001_D01_M01"", ""T001_D01_BM01""]",T001_D01_C03,EXP1_T001_D01_CLEAN,T001_D01,EXP1_T001_D01_C03_E,T001_D01_M01,EXP1_T001_D01_C03,1347,EXP1_T001_D01_C03_UC
T001_D02_ASET01,user_task_1,T001_D02_BM01,T001_D02_BW01,"[""T001_D02_BM01"", ""T001_D02_BW01"", ""T001_D02_M01""]",T001_D02_C01,EXP1_T001_D02_CLEAN,T001_D02,EXP1_T001_D02_C01_E,T001_D02_M01,EXP1_T001_D02_C01,1355,EXP1_T001_D02_C01_UC
T001_D02_ASET01,user_task_1,T001_D02_BM01,T001_D02_BW01,"[""T001_D02_BW01"", ""T001_D02_M01"", ""T001_D02_BM01""]",T001_D02_C02,EXP1_T001_D02_CLEAN,T001_D02,EXP1_T001_D02_C02_E,T001_D02_M01,EXP1_T001_D02_C02,1356,EXP1_T001_D02_C02_UC
T001_D02_ASET01,user_task_1,T001_D02_BM01,T001_D02_BW01,"[""T001_D02_M01"", ""T001_D02_BM01"", ""T001_D02_BW01""]",T001_D02_C03,EXP1_T001_D02_CLEAN,T001_D02,EXP1_T001_D02_C03_E,T001_D02_M01,EXP1_T001_D02_C03,1357,EXP1_T001_D02_C03_UC
T001_D03_ASET01,user_task_1,T001_D03_BM01,T001_D03_BW01,"[""T001_D03_BW01"", ""T001_D03_M01"", ""T001_D03_BM01""]",T001_D03_C01,EXP1_T001_D03_CLEAN,T001_D03,EXP1_T001_D03_C01_E,T001_D03_M01,EXP1_T001_D03_C01,1365,EXP1_T001_D03_C01_UC
T001_D03_ASET01,user_task_1,T001_D03_BM01,T001_D03_BW01,"[""T001_D03_M01"", ""T001_D03_BM01"", ""T001_D03_BW01""]",T001_D03_C02,EXP1_T001_D03_CLEAN,T001_D03,EXP1_T001_D03_C02_E,T001_D03_M01,EXP1_T001_D03_C02,1366,EXP1_T001_D03_C02_UC
T001_D03_ASET01,user_task_1,T001_D03_BM01,T001_D03_BW01,"[""T001_D03_BM01"", ""T001_D03_BW01"", ""T001_D03_M01""]",T001_D03_C03,EXP1_T001_D03_CLEAN,T001_D03,EXP1_T001_D03_C03_E,T001_D03_M01,EXP1_T001_D03_C03,1367,EXP1_T001_D03_C03_UC
T002_D01_ASET01,user_task_10,T002_D01_BM01,T002_D01_BW01,"[""T002_D01_BM01"", ""T002_D01_BW01"", ""T002_D01_M01""]",T002_D01_C01,EXP1_T002_D01_CLEAN,T002_D01,EXP1_T002_D01_C01_E,T002_D01_M01,EXP1_T002_D01_C01,1445,EXP1_T002_D01_C01_UC
T002_D01_ASET01,user_task_10,T002_D01_BM01,T002_D01_BW01,"[""T002_D01_BW01"", ""T002_D01_M01"", ""T002_D01_BM01""]",T002_D01_C02,EXP1_T002_D01_CLEAN,T002_D01,EXP1_T002_D01_C02_E,T002_D01_M01,EXP1_T002_D01_C02,1446,EXP1_T002_D01_C02_UC
T002_D01_ASET01,user_task_10,T002_D01_BM01,T002_D01_BW01,"[""T002_D01_M01"", ""T002_D01_BM01"", ""T002_D01_BW01""]",T002_D01_C03,EXP1_T002_D01_CLEAN,T002_D01,EXP1_T002_D01_C03_E,T002_D01_M01,EXP1_T002_D01_C03,1447,EXP1_T002_D01_C03_UC
T002_D02_ASET01,user_task_10,T002_D02_BM01,T002_D02_BW01,"[""T002_D02_BW01"", ""T002_D02_M01"", ""T002_D02_BM01""]",T002_D02_C01,EXP1_T002_D02_CLEAN,T002_D02,EXP1_T002_D02_C01_E,T002_D02_M01,EXP1_T002_D02_C01,1455,EXP1_T002_D02_C01_UC
T002_D02_ASET01,user_task_10,T002_D02_BM01,T002_D02_BW01,"[""T002_D02_M01"", ""T002_D02_BM01"", ""T002_D02_BW01""]",T002_D02_C02,EXP1_T002_D02_CLEAN,T002_D02,EXP1_T002_D02_C02_E,T002_D02_M01,EXP1_T002_D02_C02,1456,EXP1_T002_D02_C02_UC
T002_D02_ASET01,user_task_10,T002_D02_BM01,T002_D02_BW01,"[""T002_D02_BM01"", ""T002_D02_BW01"", ""T002_D02_M01""]",T002_D02_C03,EXP1_T002_D02_CLEAN,T002_D02,EXP1_T002_D02_C03_E,T002_D02_M01,EXP1_T002_D02_C03,1457,EXP1_T002_D02_C03_UC
T002_D03_ASET01,user_task_10,T002_D03_BM01,T002_D03_BW01,"[""T002_D03_M01"", ""T002_D03_BM01"", ""T002_D03_BW01""]",T002_D03_C01,EXP1_T002_D03_CLEAN,T002_D03,EXP1_T002_D03_C01_E,T002_D03_M01,EXP1_T002_D03_C01,1465,EXP1_T002_D03_C01_UC
T002_D03_ASET01,user_task_10,T002_D03_BM01,T002_D03_BW01,"[""T002_D03_BM01"", ""T002_D03_BW01"", ""T002_D03_M01""]",T002_D03_C02,EXP1_T002_D03_CLEAN,T002_D03,EXP1_T002_D03_C02_E,T002_D03_M01,EXP1_T002_D03_C02,1466,EXP1_T002_D03_C02_UC
T002_D03_ASET01,user_task_10,T002_D03_BM01,T002_D03_BW01,"[""T002_D03_BW01"", ""T002_D03_M01"", ""T002_D03_BM01""]",T002_D03_C03,EXP1_T002_D03_CLEAN,T002_D03,EXP1_T002_D03_C03_E,T002_D03_M01,EXP1_T002_D03_C03,1467,EXP1_T002_D03_C03_UC
T003_D01_ASET01,user_task_11,T003_D01_BM01,T003_D01_BW01,"[""T003_D01_BW01"", ""T003_D01_M01"", ""T003_D01_BM01""]",T003_D01_C01,EXP1_T003_D01_CLEAN,T003_D01,EXP1_T003_D01_C01_E,T003_D01_M01,EXP1_T003_D01_C01,1545,EXP1_T003_D01_C01_UC
T003_D01_ASET01,user_task_11,T003_D01_BM01,T003_D01_BW01,"[""T003_D01_M01"", ""T003_D01_BM01"", ""T003_D01_BW01""]",T003_D01_C02,EXP1_T003_D01_CLEAN,T003_D01,EXP1_T003_D01_C02_E,T003_D01_M01,EXP1_T003_D01_C02,1546,EXP1_T003_D01_C02_UC
T003_D01_ASET01,user_task_11,T003_D01_BM01,T003_D01_BW01,"[""T003_D01_BM01"", ""T003_D01_BW01"", ""T003_D01_M01""]",T003_D01_C03,EXP1_T003_D01_CLEAN,T003_D01,EXP1_T003_D01_C03_E,T003_D01_M01,EXP1_T003_D01_C03,1547,EXP1_T003_D01_C03_UC
T003_D02_ASET01,user_task_11,T003_D02_BM01,T003_D02_BW01,"[""T003_D02_M01"", ""T003_D02_BM01"", ""T003_D02_BW01""]",T003_D02_C01,EXP1_T003_D02_CLEAN,T003_D02,EXP1_T003_D02_C01_E,T003_D02_M01,EXP1_T003_D02_C01,1555,EXP1_T003_D02_C01_UC
T003_D02_ASET01,user_task_11,T003_D02_BM01,T003_D02_BW01,"[""T003_D02_BM01"", ""T003_D02_BW01"", ""T003_D02_M01""]",T003_D02_C02,EXP1_T003_D02_CLEAN,T003_D02,EXP1_T003_D02_C02_E,T003_D02_M01,EXP1_T003_D02_C02,1556,EXP1_T003_D02_C02_UC
T003_D02_ASET01,user_task_11,T003_D02_BM01,T003_D02_BW01,"[""T003_D02_BW01"", ""T003_D02_M01"", ""T003_D02_BM01""]",T003_D02_C03,EXP1_T003_D02_CLEAN,T003_D02,EXP1_T003_D02_C03_E,T003_D02_M01,EXP1_T003_D02_C03,1557,EXP1_T003_D02_C03_UC
T003_D03_ASET01,user_task_11,T003_D03_BM01,T003_D03_BW01,"[""T003_D03_BM01"", ""T003_D03_BW01"", ""T003_D03_M01""]",T003_D03_C01,EXP1_T003_D03_CLEAN,T003_D03,EXP1_T003_D03_C01_E,T003_D03_M01,EXP1_T003_D03_C01,1565,EXP1_T003_D03_C01_UC
T003_D03_ASET01,user_task_11,T003_D03_BM01,T003_D03_BW01,"[""T003_D03_BW01"", ""T003_D03_M01"", ""T003_D03_BM01""]",T003_D03_C02,EXP1_T003_D03_CLEAN,T003_D03,EXP1_T003_D03_C02_E,T003_D03_M01,EXP1_T003_D03_C02,1566,EXP1_T003_D03_C02_UC
T003_D03_ASET01,user_task_11,T003_D03_BM01,T003_D03_BW01,"[""T003_D03_M01"", ""T003_D03_BM01"", ""T003_D03_BW01""]",T003_D03_C03,EXP1_T003_D03_CLEAN,T003_D03,EXP1_T003_D03_C03_E,T003_D03_M01,EXP1_T003_D03_C03,1567,EXP1_T003_D03_C03_UC
T004_D01_ASET01,user_task_12,T004_D01_BM01,T004_D01_BW01,"[""T004_D01_M01"", ""T004_D01_BM01"", ""T004_D01_BW01""]",T004_D01_C01,EXP1_T004_D01_CLEAN,T004_D01,EXP1_T004_D01_C01_E,T004_D01_M01,EXP1_T004_D01_C01,1645,EXP1_T004_D01_C01_UC
T004_D01_ASET01,user_task_12,T004_D01_BM01,T004_D01_BW01,"[""T004_D01_BM01"", ""T004_D01_BW01"", ""T004_D01_M01""]",T004_D01_C02,EXP1_T004_D01_CLEAN,T004_D01,EXP1_T004_D01_C02_E,T004_D01_M01,EXP1_T004_D01_C02,1646,EXP1_T004_D01_C02_UC
T004_D01_ASET01,user_task_12,T004_D01_BM01,T004_D01_BW01,"[""T004_D01_BW01"", ""T004_D01_M01"", ""T004_D01_BM01""]",T004_D01_C03,EXP1_T004_D01_CLEAN,T004_D01,EXP1_T004_D01_C03_E,T004_D01_M01,EXP1_T004_D01_C03,1647,EXP1_T004_D01_C03_UC
T004_D02_ASET01,user_task_12,T004_D02_BM01,T004_D02_BW01,"[""T004_D02_BM01"", ""T004_D02_BW01"", ""T004_D02_M01""]",T004_D02_C01,EXP1_T004_D02_CLEAN,T004_D02,EXP1_T004_D02_C01_E,T004_D02_M01,EXP1_T004_D02_C01,1655,EXP1_T004_D02_C01_UC
T004_D02_ASET01,user_task_12,T004_D02_BM01,T004_D02_BW01,"[""T004_D02_BW01"", ""T004_D02_M01"", ""T004_D02_BM01""]",T004_D02_C02,EXP1_T004_D02_CLEAN,T004_D02,EXP1_T004_D02_C02_E,T004_D02_M01,EXP1_T004_D02_C02,1656,EXP1_T004_D02_C02_UC
T004_D02_ASET01,user_task_12,T004_D02_BM01,T004_D02_BW01,"[""T004_D02_M01"", ""T004_D02_BM01"", ""T004_D02_BW01""]",T004_D02_C03,EXP1_T004_D02_CLEAN,T004_D02,EXP1_T004_D02_C03_E,T004_D02_M01,EXP1_T004_D02_C03,1657,EXP1_T004_D02_C03_UC
T004_D03_ASET01,user_task_12,T004_D03_BM01,T004_D03_BW01,"[""T004_D03_BW01"", ""T004_D03_M01"", ""T004_D03_BM01""]",T004_D03_C01,EXP1_T004_D03_CLEAN,T004_D03,EXP1_T004_D03_C01_E,T004_D03_M01,EXP1_T004_D03_C01,1665,EXP1_T004_D03_C01_UC
T004_D03_ASET01,user_task_12,T004_D03_BM01,T004_D03_BW01,"[""T004_D03_M01"", ""T004_D03_BM01"", ""T004_D03_BW01""]",T004_D03_C02,EXP1_T004_D03_CLEAN,T004_D03,EXP1_T004_D03_C02_E,T004_D03_M01,EXP1_T004_D03_C02,1666,EXP1_T004_D03_C02_UC
T004_D03_ASET01,user_task_12,T004_D03_BM01,T004_D03_BW01,"[""T004_D03_BM01"", ""T004_D03_BW01"", ""T004_D03_M01""]",T004_D03_C03,EXP1_T004_D03_CLEAN,T004_D03,EXP1_T004_D03_C03_E,T004_D03_M01,EXP1_T004_D03_C03,1667,EXP1_T004_D03_C03_UC
T005_D01_ASET01,user_task_13,T005_D01_BM01,T005_D01_BW01,"[""T005_D01_BM01"", ""T005_D01_BW01"", ""T005_D01_M01""]",T005_D01_C01,EXP1_T005_D01_CLEAN,T005_D01,EXP1_T005_D01_C01_E,T005_D01_M01,EXP1_T005_D01_C01,1745,EXP1_T005_D01_C01_UC
T005_D01_ASET01,user_task_13,T005_D01_BM01,T005_D01_BW01,"[""T005_D01_BW01"", ""T005_D01_M01"", ""T005_D01_BM01""]",T005_D01_C02,EXP1_T005_D01_CLEAN,T005_D01,EXP1_T005_D01_C02_E,T005_D01_M01,EXP1_T005_D01_C02,1746,EXP1_T005_D01_C02_UC
T005_D01_ASET01,user_task_13,T005_D01_BM01,T005_D01_BW01,"[""T005_D01_M01"", ""T005_D01_BM01"", ""T005_D01_BW01""]",T005_D01_C03,EXP1_T005_D01_CLEAN,T005_D01,EXP1_T005_D01_C03_E,T005_D01_M01,EXP1_T005_D01_C03,1747,EXP1_T005_D01_C03_UC
T005_D02_ASET01,user_task_13,T005_D02_BM01,T005_D02_BW01,"[""T005_D02_BW01"", ""T005_D02_M01"", ""T005_D02_BM01""]",T005_D02_C01,EXP1_T005_D02_CLEAN,T005_D02,EXP1_T005_D02_C01_E,T005_D02_M01,EXP1_T005_D02_C01,1755,EXP1_T005_D02_C01_UC
T005_D02_ASET01,user_task_13,T005_D02_BM01,T005_D02_BW01,"[""T005_D02_M01"", ""T005_D02_BM01"", ""T005_D02_BW01""]",T005_D02_C02,EXP1_T005_D02_CLEAN,T005_D02,EXP1_T005_D02_C02_E,T005_D02_M01,EXP1_T005_D02_C02,1756,EXP1_T005_D02_C02_UC
T005_D02_ASET01,user_task_13,T005_D02_BM01,T005_D02_BW01,"[""T005_D02_BM01"", ""T005_D02_BW01"", ""T005_D02_M01""]",T005_D02_C03,EXP1_T005_D02_CLEAN,T005_D02,EXP1_T005_D02_C03_E,T005_D02_M01,EXP1_T005_D02_C03,1757,EXP1_T005_D02_C03_UC
T005_D03_ASET01,user_task_13,T005_D03_BM01,T005_D03_BW01,"[""T005_D03_M01"", ""T005_D03_BM01"", ""T005_D03_BW01""]",T005_D03_C01,EXP1_T005_D03_CLEAN,T005_D03,EXP1_T005_D03_C01_E,T005_D03_M01,EXP1_T005_D03_C01,1765,EXP1_T005_D03_C01_UC
T005_D03_ASET01,user_task_13,T005_D03_BM01,T005_D03_BW01,"[""T005_D03_BM01"", ""T005_D03_BW01"", ""T005_D03_M01""]",T005_D03_C02,EXP1_T005_D03_CLEAN,T005_D03,EXP1_T005_D03_C02_E,T005_D03_M01,EXP1_T005_D03_C02,1766,EXP1_T005_D03_C02_UC
T005_D03_ASET01,user_task_13,T005_D03_BM01,T005_D03_BW01,"[""T005_D03_BW01"", ""T005_D03_M01"", ""T005_D03_BM01""]",T005_D03_C03,EXP1_T005_D03_CLEAN,T005_D03,EXP1_T005_D03_C03_E,T005_D03_M01,EXP1_T005_D03_C03,1767,EXP1_T005_D03_C03_UC
T006_D01_ASET01,user_task_14,T006_D01_BM01,T006_D01_BW01,"[""T006_D01_BW01"", ""T006_D01_M01"", ""T006_D01_BM01""]",T006_D01_C01,EXP1_T006_D01_CLEAN,T006_D01,EXP1_T006_D01_C01_E,T006_D01_M01,EXP1_T006_D01_C01,1845,EXP1_T006_D01_C01_UC
T006_D01_ASET01,user_task_14,T006_D01_BM01,T006_D01_BW01,"[""T006_D01_M01"", ""T006_D01_BM01"", ""T006_D01_BW01""]",T006_D01_C02,EXP1_T006_D01_CLEAN,T006_D01,EXP1_T006_D01_C02_E,T006_D01_M01,EXP1_T006_D01_C02,1846,EXP1_T006_D01_C02_UC
T006_D01_ASET01,user_task_14,T006_D01_BM01,T006_D01_BW01,"[""T006_D01_BM01"", ""T006_D01_BW01"", ""T006_D01_M01""]",T006_D01_C03,EXP1_T006_D01_CLEAN,T006_D01,EXP1_T006_D01_C03_E,T006_D01_M01,EXP1_T006_D01_C03,1847,EXP1_T006_D01_C03_UC
T006_D02_ASET01,user_task_14,T006_D02_BM01,T006_D02_BW01,"[""T006_D02_M01"", ""T006_D02_BM01"", ""T006_D02_BW01""]",T006_D02_C01,EXP1_T006_D02_CLEAN,T006_D02,EXP1_T006_D02_C01_E,T006_D02_M01,EXP1_T006_D02_C01,1855,EXP1_T006_D02_C01_UC
T006_D02_ASET01,user_task_14,T006_D02_BM01,T006_D02_BW01,"[""T006_D02_BM01"", ""T006_D02_BW01"", ""T006_D02_M01""]",T006_D02_C02,EXP1_T006_D02_CLEAN,T006_D02,EXP1_T006_D02_C02_E,T006_D02_M01,EXP1_T006_D02_C02,1856,EXP1_T006_D02_C02_UC
T006_D02_ASET01,user_task_14,T006_D02_BM01,T006_D02_BW01,"[""T006_D02_BW01"", ""T006_D02_M01"", ""T006_D02_BM01""]",T006_D02_C03,EXP1_T006_D02_CLEAN,T006_D02,EXP1_T006_D02_C03_E,T006_D02_M01,EXP1_T006_D02_C03,1857,EXP1_T006_D02_C03_UC
T006_D03_ASET01,user_task_14,T006_D03_BM01,T006_D03_BW01,"[""T006_D03_BM01"", ""T006_D03_BW01"", ""T006_D03_M01""]",T006_D03_C01,EXP1_T006_D03_CLEAN,T006_D03,EXP1_T006_D03_C01_E,T006_D03_M01,EXP1_T006_D03_C01,1865,EXP1_T006_D03_C01_UC
T006_D03_ASET01,user_task_14,T006_D03_BM01,T006_D03_BW01,"[""T006_D03_BW01"", ""T006_D03_M01"", ""T006_D03_BM01""]",T006_D03_C02,EXP1_T006_D03_CLEAN,T006_D03,EXP1_T006_D03_C02_E,T006_D03_M01,EXP1_T006_D03_C02,1866,EXP1_T006_D03_C02_UC
T006_D03_ASET01,user_task_14,T006_D03_BM01,T006_D03_BW01,"[""T006_D03_M01"", ""T006_D03_BM01"", ""T006_D03_BW01""]",T006_D03_C03,EXP1_T006_D03_CLEAN,T006_D03,EXP1_T006_D03_C03_E,T006_D03_M01,EXP1_T006_D03_C03,1867,EXP1_T006_D03_C03_UC
T007_D01_ASET01,user_task_15,T007_D01_BM01,T007_D01_BW01,"[""T007_D01_M01"", ""T007_D01_BM01"", ""T007_D01_BW01""]",T007_D01_C01,EXP1_T007_D01_CLEAN,T007_D01,EXP1_T007_D01_C01_E,T007_D01_M01,EXP1_T007_D01_C01,1945,EXP1_T007_D01_C01_UC
T007_D01_ASET01,user_task_15,T007_D01_BM01,T007_D01_BW01,"[""T007_D01_BM01"", ""T007_D01_BW01"", ""T007_D01_M01""]",T007_D01_C02,EXP1_T007_D01_CLEAN,T007_D01,EXP1_T007_D01_C02_E,T007_D01_M01,EXP1_T007_D01_C02,1946,EXP1_T007_D01_C02_UC
T007_D01_ASET01,user_task_15,T007_D01_BM01,T007_D01_BW01,"[""T007_D01_BW01"", ""T007_D01_M01"", ""T007_D01_BM01""]",T007_D01_C03,EXP1_T007_D01_CLEAN,T007_D01,EXP1_T007_D01_C03_E,T007_D01_M01,EXP1_T007_D01_C03,1947,EXP1_T007_D01_C03_UC
T007_D02_ASET01,user_task_15,T007_D02_BM01,T007_D02_BW01,"[""T007_D02_BM01"", ""T007_D02_BW01"", ""T007_D02_M01""]",T007_D02_C01,EXP1_T007_D02_CLEAN,T007_D02,EXP1_T007_D02_C01_E,T007_D02_M01,EXP1_T007_D02_C01,1955,EXP1_T007_D02_C01_UC
T007_D02_ASET01,user_task_15,T007_D02_BM01,T007_D02_BW01,"[""T007_D02_BW01"", ""T007_D02_M01"", ""T007_D02_BM01""]",T007_D02_C02,EXP1_T007_D02_CLEAN,T007_D02,EXP1_T007_D02_C02_E,T007_D02_M01,EXP1_T007_D02_C02,1956,EXP1_T007_D02_C02_UC
T007_D02_ASET01,user_task_15,T007_D02_BM01,T007_D02_BW01,"[""T007_D02_M01"", ""T007_D02_BM01"", ""T007_D02_BW01""]",T007_D02_C03,EXP1_T007_D02_CLEAN,T007_D02,EXP1_T007_D02_C03_E,T007_D02_M01,EXP1_T007_D02_C03,1957,EXP1_T007_D02_C03_UC
T007_D03_ASET01,user_task_15,T007_D03_BM01,T007_D03_BW01,"[""T007_D03_BW01"", ""T007_D03_M01"", ""T007_D03_BM01""]",T007_D03_C01,EXP1_T007_D03_CLEAN,T007_D03,EXP1_T007_D03_C01_E,T007_D03_M01,EXP1_T007_D03_C01,1965,EXP1_T007_D03_C01_UC
T007_D03_ASET01,user_task_15,T007_D03_BM01,T007_D03_BW01,"[""T007_D03_M01"", ""T007_D03_BM01"", ""T007_D03_BW01""]",T007_D03_C02,EXP1_T007_D03_CLEAN,T007_D03,EXP1_T007_D03_C02_E,T007_D03_M01,EXP1_T007_D03_C02,1966,EXP1_T007_D03_C02_UC
T007_D03_ASET01,user_task_15,T007_D03_BM01,T007_D03_BW01,"[""T007_D03_BM01"", ""T007_D03_BW01"", ""T007_D03_M01""]",T007_D03_C03,EXP1_T007_D03_CLEAN,T007_D03,EXP1_T007_D03_C03_E,T007_D03_M01,EXP1_T007_D03_C03,1967,EXP1_T007_D03_C03_UC
T008_D01_ASET01,user_task_16,T008_D01_BM01,T008_D01_BW01,"[""T008_D01_BM01"", ""T008_D01_BW01"", ""T008_D01_M01""]",T008_D01_C01,EXP1_T008_D01_CLEAN,T008_D01,EXP1_T008_D01_C01_E,T008_D01_M01,EXP1_T008_D01_C01,2045,EXP1_T008_D01_C01_UC
T008_D01_ASET01,user_task_16,T008_D01_BM01,T008_D01_BW01,"[""T008_D01_BW01"", ""T008_D01_M01"", ""T008_D01_BM01""]",T008_D01_C02,EXP1_T008_D01_CLEAN,T008_D01,EXP1_T008_D01_C02_E,T008_D01_M01,EXP1_T008_D01_C02,2046,EXP1_T008_D01_C02_UC
T008_D01_ASET01,user_task_16,T008_D01_BM01,T008_D01_BW01,"[""T008_D01_M01"", ""T008_D01_BM01"", ""T008_D01_BW01""]",T008_D01_C03,EXP1_T008_D01_CLEAN,T008_D01,EXP1_T008_D01_C03_E,T008_D01_M01,EXP1_T008_D01_C03,2047,EXP1_T008_D01_C03_UC
T008_D02_ASET01,user_task_16,T008_D02_BM01,T008_D02_BW01,"[""T008_D02_BW01"", ""T008_D02_M01"", ""T008_D02_BM01""]",T008_D02_C01,EXP1_T008_D02_CLEAN,T008_D02,EXP1_T008_D02_C01_E,T008_D02_M01,EXP1_T008_D02_C01,2055,EXP1_T008_D02_C01_UC
T008_D02_ASET01,user_task_16,T008_D02_BM01,T008_D02_BW01,"[""T008_D02_M01"", ""T008_D02_BM01"", ""T008_D02_BW01""]",T008_D02_C02,EXP1_T008_D02_CLEAN,T008_D02,EXP1_T008_D02_C02_E,T008_D02_M01,EXP1_T008_D02_C02,2056,EXP1_T008_D02_C02_UC
T008_D02_ASET01,user_task_16,T008_D02_BM01,T008_D02_BW01,"[""T008_D02_BM01"", ""T008_D02_BW01"", ""T008_D02_M01""]",T008_D02_C03,EXP1_T008_D02_CLEAN,T008_D02,EXP1_T008_D02_C03_E,T008_D02_M01,EXP1_T008_D02_C03,2057,EXP1_T008_D02_C03_UC
T008_D03_ASET01,user_task_16,T008_D03_BM01,T008_D03_BW01,"[""T008_D03_M01"", ""T008_D03_BM01"", ""T008_D03_BW01""]",T008_D03_C01,EXP1_T008_D03_CLEAN,T008_D03,EXP1_T008_D03_C01_E,T008_D03_M01,EXP1_T008_D03_C01,2065,EXP1_T008_D03_C01_UC
T008_D03_ASET01,user_task_16,T008_D03_BM01,T008_D03_BW01,"[""T008_D03_BM01"", ""T008_D03_BW01"", ""T008_D03_M01""]",T008_D03_C02,EXP1_T008_D03_CLEAN,T008_D03,EXP1_T008_D03_C02_E,T008_D03_M01,EXP1_T008_D03_C02,2066,EXP1_T008_D03_C02_UC
T008_D03_ASET01,user_task_16,T008_D03_BM01,T008_D03_BW01,"[""T008_D03_BW01"", ""T008_D03_M01"", ""T008_D03_BM01""]",T008_D03_C03,EXP1_T008_D03_CLEAN,T008_D03,EXP1_T008_D03_C03_E,T008_D03_M01,EXP1_T008_D03_C03,2067,EXP1_T008_D03_C03_UC
T009_D01_ASET01,user_task_17,T009_D01_BM01,T009_D01_BW01,"[""T009_D01_BW01"", ""T009_D01_M01"", ""T009_D01_BM01""]",T009_D01_C01,EXP1_T009_D01_CLEAN,T009_D01,EXP1_T009_D01_C01_E,T009_D01_M01,EXP1_T009_D01_C01,2145,EXP1_T009_D01_C01_UC
T009_D01_ASET01,user_task_17,T009_D01_BM01,T009_D01_BW01,"[""T009_D01_M01"", ""T009_D01_BM01"", ""T009_D01_BW01""]",T009_D01_C02,EXP1_T009_D01_CLEAN,T009_D01,EXP1_T009_D01_C02_E,T009_D01_M01,EXP1_T009_D01_C02,2146,EXP1_T009_D01_C02_UC
T009_D01_ASET01,user_task_17,T009_D01_BM01,T009_D01_BW01,"[""T009_D01_BM01"", ""T009_D01_BW01"", ""T009_D01_M01""]",T009_D01_C03,EXP1_T009_D01_CLEAN,T009_D01,EXP1_T009_D01_C03_E,T009_D01_M01,EXP1_T009_D01_C03,2147,EXP1_T009_D01_C03_UC
T009_D02_ASET01,user_task_17,T009_D02_BM01,T009_D02_BW01,"[""T009_D02_M01"", ""T009_D02_BM01"", ""T009_D02_BW01""]",T009_D02_C01,EXP1_T009_D02_CLEAN,T009_D02,EXP1_T009_D02_C01_E,T009_D02_M01,EXP1_T009_D02_C01,2155,EXP1_T009_D02_C01_UC
T009_D02_ASET01,user_task_17,T009_D02_BM01,T009_D02_BW01,"[""T009_D02_BM01"", ""T009_D02_BW01"", ""T009_D02_M01""]",T009_D02_C02,EXP1_T009_D02_CLEAN,T009_D02,EXP1_T009_D02_C02_E,T009_D02_M01,EXP1_T009_D02_C02,2156,EXP1_T009_D02_C02_UC
T009_D02_ASET01,user_task_17,T009_D02_BM01,T009_D02_BW01,"[""T009_D02_BW01"", ""T009_D02_M01"", ""T009_D02_BM01""]",T009_D02_C03,EXP1_T009_D02_CLEAN,T009_D02,EXP1_T009_D02_C03_E,T009_D02_M01,EXP1_T009_D02_C03,2157,EXP1_T009_D02_C03_UC
T009_D03_ASET01,user_task_17,T009_D03_BM01,T009_D03_BW01,"[""T009_D03_BM01"", ""T009_D03_BW01"", ""T009_D03_M01""]",T009_D03_C01,EXP1_T009_D03_CLEAN,T009_D03,EXP1_T009_D03_C01_E,T009_D03_M01,EXP1_T009_D03_C01,2165,EXP1_T009_D03_C01_UC
T009_D03_ASET01,user_task_17,T009_D03_BM01,T009_D03_BW01,"[""T009_D03_BW01"", ""T009_D03_M01"", ""T009_D03_BM01""]",T009_D03_C02,EXP1_T009_D03_CLEAN,T009_D03,EXP1_T009_D03_C02_E,T009_D03_M01,EXP1_T009_D03_C02,2166,EXP1_T009_D03_C02_UC
T009_D03_ASET01,user_task_17,T009_D03_BM01,T009_D03_BW01,"[""T009_D03_M01"", ""T009_D03_BM01"", ""T009_D03_BW01""]",T009_D03_C03,EXP1_T009_D03_CLEAN,T009_D03,EXP1_T009_D03_C03_E,T009_D03_M01,EXP1_T009_D03_C03,2167,EXP1_T009_D03_C03_UC
T010_D01_ASET01,user_task_18,T010_D01_BM01,T010_D01_BW01,"[""T010_D01_M01"", ""T010_D01_BM01"", ""T010_D01_BW01""]",T010_D01_C01,EXP1_T010_D01_CLEAN,T010_D01,EXP1_T010_D01_C01_E,T010_D01_M01,EXP1_T010_D01_C01,2245,EXP1_T010_D01_C01_UC
T010_D01_ASET01,user_task_18,T010_D01_BM01,T010_D01_BW01,"[""T010_D01_BM01"", ""T010_D01_BW01"", ""T010_D01_M01""]",T010_D01_C02,EXP1_T010_D01_CLEAN,T010_D01,EXP1_T010_D01_C02_E,T010_D01_M01,EXP1_T010_D01_C02,2246,EXP1_T010_D01_C02_UC
T010_D01_ASET01,user_task_18,T010_D01_BM01,T010_D01_BW01,"[""T010_D01_BW01"", ""T010_D01_M01"", ""T010_D01_BM01""]",T010_D01_C03,EXP1_T010_D01_CLEAN,T010_D01,EXP1_T010_D01_C03_E,T010_D01_M01,EXP1_T010_D01_C03,2247,EXP1_T010_D01_C03_UC
T010_D02_ASET01,user_task_18,T010_D02_BM01,T010_D02_BW01,"[""T010_D02_BM01"", ""T010_D02_BW01"", ""T010_D02_M01""]",T010_D02_C01,EXP1_T010_D02_CLEAN,T010_D02,EXP1_T010_D02_C01_E,T010_D02_M01,EXP1_T010_D02_C01,2255,EXP1_T010_D02_C01_UC
T010_D02_ASET01,user_task_18,T010_D02_BM01,T010_D02_BW01,"[""T010_D02_BW01"", ""T010_D02_M01"", ""T010_D02_BM01""]",T010_D02_C02,EXP1_T010_D02_CLEAN,T010_D02,EXP1_T010_D02_C02_E,T010_D02_M01,EXP1_T010_D02_C02,2256,EXP1_T010_D02_C02_UC
T010_D02_ASET01,user_task_18,T010_D02_BM01,T010_D02_BW01,"[""T010_D02_M01"", ""T010_D02_BM01"", ""T010_D02_BW01""]",T010_D02_C03,EXP1_T010_D02_CLEAN,T010_D02,EXP1_T010_D02_C03_E,T010_D02_M01,EXP1_T010_D02_C03,2257,EXP1_T010_D02_C03_UC
T010_D03_ASET01,user_task_18,T010_D03_BM01,T010_D03_BW01,"[""T010_D03_BW01"", ""T010_D03_M01"", ""T010_D03_BM01""]",T010_D03_C01,EXP1_T010_D03_CLEAN,T010_D03,EXP1_T010_D03_C01_E,T010_D03_M01,EXP1_T010_D03_C01,2265,EXP1_T010_D03_C01_UC
T010_D03_ASET01,user_task_18,T010_D03_BM01,T010_D03_BW01,"[""T010_D03_M01"", ""T010_D03_BM01"", ""T010_D03_BW01""]",T010_D03_C02,EXP1_T010_D03_CLEAN,T010_D03,EXP1_T010_D03_C02_E,T010_D03_M01,EXP1_T010_D03_C02,2266,EXP1_T010_D03_C02_UC
T010_D03_ASET01,user_task_18,T010_D03_BM01,T010_D03_BW01,"[""T010_D03_BM01"", ""T010_D03_BW01"", ""T010_D03_M01""]",T010_D03_C03,EXP1_T010_D03_CLEAN,T010_D03,EXP1_T010_D03_C03_E,T010_D03_M01,EXP1_T010_D03_C03,2267,EXP1_T010_D03_C03_UC
T011_D01_ASET01,user_task_19,T011_D01_BM01,T011_D01_BW01,"[""T011_D01_BM01"", ""T011_D01_BW01"", ""T011_D01_M01""]",T011_D01_C01,EXP1_T011_D01_CLEAN,T011_D01,EXP1_T011_D01_C01_E,T011_D01_M01,EXP1_T011_D01_C01,2345,EXP1_T011_D01_C01_UC
T011_D01_ASET01,user_task_19,T011_D01_BM01,T011_D01_BW01,"[""T011_D01_BW01"", ""T011_D01_M01"", ""T011_D01_BM01""]",T011_D01_C02,EXP1_T011_D01_CLEAN,T011_D01,EXP1_T011_D01_C02_E,T011_D01_M01,EXP1_T011_D01_C02,2346,EXP1_T011_D01_C02_UC
T011_D01_ASET01,user_task_19,T011_D01_BM01,T011_D01_BW01,"[""T011_D01_M01"", ""T011_D01_BM01"", ""T011_D01_BW01""]",T011_D01_C03,EXP1_T011_D01_CLEAN,T011_D01,EXP1_T011_D01_C03_E,T011_D01_M01,EXP1_T011_D01_C03,2347,EXP1_T011_D01_C03_UC
T011_D02_ASET01,user_task_19,T011_D02_BM01,T011_D02_BW01,"[""T011_D02_BW01"", ""T011_D02_M01"", ""T011_D02_BM01""]",T011_D02_C01,EXP1_T011_D02_CLEAN,T011_D02,EXP1_T011_D02_C01_E,T011_D02_M01,EXP1_T011_D02_C01,2355,EXP1_T011_D02_C01_UC
T011_D02_ASET01,user_task_19,T011_D02_BM01,T011_D02_BW01,"[""T011_D02_M01"", ""T011_D02_BM01"", ""T011_D02_BW01""]",T011_D02_C02,EXP1_T011_D02_CLEAN,T011_D02,EXP1_T011_D02_C02_E,T011_D02_M01,EXP1_T011_D02_C02,2356,EXP1_T011_D02_C02_UC
T011_D02_ASET01,user_task_19,T011_D02_BM01,T011_D02_BW01,"[""T011_D02_BM01"", ""T011_D02_BW01"", ""T011_D02_M01""]",T011_D02_C03,EXP1_T011_D02_CLEAN,T011_D02,EXP1_T011_D02_C03_E,T011_D02_M01,EXP1_T011_D02_C03,2357,EXP1_T011_D02_C03_UC
T011_D03_ASET01,user_task_19,T011_D03_BM01,T011_D03_BW01,"[""T011_D03_M01"", ""T011_D03_BM01"", ""T011_D03_BW01""]",T011_D03_C01,EXP1_T011_D03_CLEAN,T011_D03,EXP1_T011_D03_C01_E,T011_D03_M01,EXP1_T011_D03_C01,2365,EXP1_T011_D03_C01_UC
T011_D03_ASET01,user_task_19,T011_D03_BM01,T011_D03_BW01,"[""T011_D03_BM01"", ""T011_D03_BW01"", ""T011_D03_M01""]",T011_D03_C02,EXP1_T011_D03_CLEAN,T011_D03,EXP1_T011_D03_C02_E,T011_D03_M01,EXP1_T011_D03_C02,2366,EXP1_T011_D03_C02_UC
T011_D03_ASET01,user_task_19,T011_D03_BM01,T011_D03_BW01,"[""T011_D03_BW01"", ""T011_D03_M01"", ""T011_D03_BM01""]",T011_D03_C03,EXP1_T011_D03_CLEAN,T011_D03,EXP1_T011_D03_C03_E,T011_D03_M01,EXP1_T011_D03_C03,2367,EXP1_T011_D03_C03_UC
T012_D01_ASET01,user_task_2,T012_D01_BM01,T012_D01_BW01,"[""T012_D01_BW01"", ""T012_D01_M01"", ""T012_D01_BM01""]",T012_D01_C01,EXP1_T012_D01_CLEAN,T012_D01,EXP1_T012_D01_C01_E,T012_D01_M01,EXP1_T012_D01_C01,2445,EXP1_T012_D01_C01_UC
T012_D01_ASET01,user_task_2,T012_D01_BM01,T012_D01_BW01,"[""T012_D01_M01"", ""T012_D01_BM01"", ""T012_D01_BW01""]",T012_D01_C02,EXP1_T012_D01_CLEAN,T012_D01,EXP1_T012_D01_C02_E,T012_D01_M01,EXP1_T012_D01_C02,2446,EXP1_T012_D01_C02_UC
T012_D01_ASET01,user_task_2,T012_D01_BM01,T012_D01_BW01,"[""T012_D01_BM01"", ""T012_D01_BW01"", ""T012_D01_M01""]",T012_D01_C03,EXP1_T012_D01_CLEAN,T012_D01,EXP1_T012_D01_C03_E,T012_D01_M01,EXP1_T012_D01_C03,2447,EXP1_T012_D01_C03_UC
T012_D02_ASET01,user_task_2,T012_D02_BM01,T012_D02_BW01,"[""T012_D02_M01"", ""T012_D02_BM01"", ""T012_D02_BW01""]",T012_D02_C01,EXP1_T012_D02_CLEAN,T012_D02,EXP1_T012_D02_C01_E,T012_D02_M01,EXP1_T012_D02_C01,2455,EXP1_T012_D02_C01_UC
T012_D02_ASET01,user_task_2,T012_D02_BM01,T012_D02_BW01,"[""T012_D02_BM01"", ""T012_D02_BW01"", ""T012_D02_M01""]",T012_D02_C02,EXP1_T012_D02_CLEAN,T012_D02,EXP1_T012_D02_C02_E,T012_D02_M01,EXP1_T012_D02_C02,2456,EXP1_T012_D02_C02_UC
T012_D02_ASET01,user_task_2,T012_D02_BM01,T012_D02_BW01,"[""T012_D02_BW01"", ""T012_D02_M01"", ""T012_D02_BM01""]",T012_D02_C03,EXP1_T012_D02_CLEAN,T012_D02,EXP1_T012_D02_C03_E,T012_D02_M01,EXP1_T012_D02_C03,2457,EXP1_T012_D02_C03_UC
T012_D03_ASET01,user_task_2,T012_D03_BM01,T012_D03_BW01,"[""T012_D03_BM01"", ""T012_D03_BW01"", ""T012_D03_M01""]",T012_D03_C01,EXP1_T012_D03_CLEAN,T012_D03,EXP1_T012_D03_C01_E,T012_D03_M01,EXP1_T012_D03_C01,2465,EXP1_T012_D03_C01_UC
T012_D03_ASET01,user_task_2,T012_D03_BM01,T012_D03_BW01,"[""T012_D03_BW01"", ""T012_D03_M01"", ""T012_D03_BM01""]",T012_D03_C02,EXP1_T012_D03_CLEAN,T012_D03,EXP1_T012_D03_C02_E,T012_D03_M01,EXP1_T012_D03_C02,2466,EXP1_T012_D03_C02_UC
T012_D03_ASET01,user_task_2,T012_D03_BM01,T012_D03_BW01,"[""T012_D03_M01"", ""T012_D03_BM01"", ""T012_D03_BW01""]",T012_D03_C03,EXP1_T012_D03_CLEAN,T012_D03,EXP1_T012_D03_C03_E,T012_D03_M01,EXP1_T012_D03_C03,2467,EXP1_T012_D03_C03_UC
T013_D01_ASET01,user_task_3,T013_D01_BM01,T013_D01_BW01,"[""T013_D01_M01"", ""T013_D01_BM01"", ""T013_D01_BW01""]",T013_D01_C01,EXP1_T013_D01_CLEAN,T013_D01,EXP1_T013_D01_C01_E,T013_D01_M01,EXP1_T013_D01_C01,2545,EXP1_T013_D01_C01_UC
T013_D01_ASET01,user_task_3,T013_D01_BM01,T013_D01_BW01,"[""T013_D01_BM01"", ""T013_D01_BW01"", ""T013_D01_M01""]",T013_D01_C02,EXP1_T013_D01_CLEAN,T013_D01,EXP1_T013_D01_C02_E,T013_D01_M01,EXP1_T013_D01_C02,2546,EXP1_T013_D01_C02_UC
T013_D01_ASET01,user_task_3,T013_D01_BM01,T013_D01_BW01,"[""T013_D01_BW01"", ""T013_D01_M01"", ""T013_D01_BM01""]",T013_D01_C03,EXP1_T013_D01_CLEAN,T013_D01,EXP1_T013_D01_C03_E,T013_D01_M01,EXP1_T013_D01_C03,2547,EXP1_T013_D01_C03_UC
T013_D02_ASET01,user_task_3,T013_D02_BM01,T013_D02_BW01,"[""T013_D02_BM01"", ""T013_D02_BW01"", ""T013_D02_M01""]",T013_D02_C01,EXP1_T013_D02_CLEAN,T013_D02,EXP1_T013_D02_C01_E,T013_D02_M01,EXP1_T013_D02_C01,2555,EXP1_T013_D02_C01_UC
T013_D02_ASET01,user_task_3,T013_D02_BM01,T013_D02_BW01,"[""T013_D02_BW01"", ""T013_D02_M01"", ""T013_D02_BM01""]",T013_D02_C02,EXP1_T013_D02_CLEAN,T013_D02,EXP1_T013_D02_C02_E,T013_D02_M01,EXP1_T013_D02_C02,2556,EXP1_T013_D02_C02_UC
T013_D02_ASET01,user_task_3,T013_D02_BM01,T013_D02_BW01,"[""T013_D02_M01"", ""T013_D02_BM01"", ""T013_D02_BW01""]",T013_D02_C03,EXP1_T013_D02_CLEAN,T013_D02,EXP1_T013_D02_C03_E,T013_D02_M01,EXP1_T013_D02_C03,2557,EXP1_T013_D02_C03_UC
T013_D03_ASET01,user_task_3,T013_D03_BM01,T013_D03_BW01,"[""T013_D03_BW01"", ""T013_D03_M01"", ""T013_D03_BM01""]",T013_D03_C01,EXP1_T013_D03_CLEAN,T013_D03,EXP1_T013_D03_C01_E,T013_D03_M01,EXP1_T013_D03_C01,2565,EXP1_T013_D03_C01_UC
T013_D03_ASET01,user_task_3,T013_D03_BM01,T013_D03_BW01,"[""T013_D03_M01"", ""T013_D03_BM01"", ""T013_D03_BW01""]",T013_D03_C02,EXP1_T013_D03_CLEAN,T013_D03,EXP1_T013_D03_C02_E,T013_D03_M01,EXP1_T013_D03_C02,2566,EXP1_T013_D03_C02_UC
T013_D03_ASET01,user_task_3,T013_D03_BM01,T013_D03_BW01,"[""T013_D03_BM01"", ""T013_D03_BW01"", ""T013_D03_M01""]",T013_D03_C03,EXP1_T013_D03_CLEAN,T013_D03,EXP1_T013_D03_C03_E,T013_D03_M01,EXP1_T013_D03_C03,2567,EXP1_T013_D03_C03_UC
T014_D01_ASET01,user_task_4,T014_D01_BM01,T014_D01_BW01,"[""T014_D01_BM01"", ""T014_D01_BW01"", ""T014_D01_M01""]",T014_D01_C01,EXP1_T014_D01_CLEAN,T014_D01,EXP1_T014_D01_C01_E,T014_D01_M01,EXP1_T014_D01_C01,2645,EXP1_T014_D01_C01_UC
T014_D01_ASET01,user_task_4,T014_D01_BM01,T014_D01_BW01,"[""T014_D01_BW01"", ""T014_D01_M01"", ""T014_D01_BM01""]",T014_D01_C02,EXP1_T014_D01_CLEAN,T014_D01,EXP1_T014_D01_C02_E,T014_D01_M01,EXP1_T014_D01_C02,2646,EXP1_T014_D01_C02_UC
T014_D01_ASET01,user_task_4,T014_D01_BM01,T014_D01_BW01,"[""T014_D01_M01"", ""T014_D01_BM01"", ""T014_D01_BW01""]",T014_D01_C03,EXP1_T014_D01_CLEAN,T014_D01,EXP1_T014_D01_C03_E,T014_D01_M01,EXP1_T014_D01_C03,2647,EXP1_T014_D01_C03_UC
T014_D02_ASET01,user_task_4,T014_D02_BM01,T014_D02_BW01,"[""T014_D02_BW01"", ""T014_D02_M01"", ""T014_D02_BM01""]",T014_D02_C01,EXP1_T014_D02_CLEAN,T014_D02,EXP1_T014_D02_C01_E,T014_D02_M01,EXP1_T014_D02_C01,2655,EXP1_T014_D02_C01_UC
T014_D02_ASET01,user_task_4,T014_D02_BM01,T014_D02_BW01,"[""T014_D02_M01"", ""T014_D02_BM01"", ""T014_D02_BW01""]",T014_D02_C02,EXP1_T014_D02_CLEAN,T014_D02,EXP1_T014_D02_C02_E,T014_D02_M01,EXP1_T014_D02_C02,2656,EXP1_T014_D02_C02_UC
T014_D02_ASET01,user_task_4,T014_D02_BM01,T014_D02_BW01,"[""T014_D02_BM01"", ""T014_D02_BW01"", ""T014_D02_M01""]",T014_D02_C03,EXP1_T014_D02_CLEAN,T014_D02,EXP1_T014_D02_C03_E,T014_D02_M01,EXP1_T014_D02_C03,2657,EXP1_T014_D02_C03_UC
T014_D03_ASET01,user_task_4,T014_D03_BM01,T014_D03_BW01,"[""T014_D03_M01"", ""T014_D03_BM01"", ""T014_D03_BW01""]",T014_D03_C01,EXP1_T014_D03_CLEAN,T014_D03,EXP1_T014_D03_C01_E,T014_D03_M01,EXP1_T014_D03_C01,2665,EXP1_T014_D03_C01_UC
T014_D03_ASET01,user_task_4,T014_D03_BM01,T014_D03_BW01,"[""T014_D03_BM01"", ""T014_D03_BW01"", ""T014_D03_M01""]",T014_D03_C02,EXP1_T014_D03_CLEAN,T014_D03,EXP1_T014_D03_C02_E,T014_D03_M01,EXP1_T014_D03_C02,2666,EXP1_T014_D03_C02_UC
T014_D03_ASET01,user_task_4,T014_D03_BM01,T014_D03_BW01,"[""T014_D03_BW01"", ""T014_D03_M01"", ""T014_D03_BM01""]",T014_D03_C03,EXP1_T014_D03_CLEAN,T014_D03,EXP1_T014_D03_C03_E,T014_D03_M01,EXP1_T014_D03_C03,2667,EXP1_T014_D03_C03_UC
T015_D01_ASET01,user_task_5,T015_D01_BM01,T015_D01_BW01,"[""T015_D01_BW01"", ""T015_D01_M01"", ""T015_D01_BM01""]",T015_D01_C01,EXP1_T015_D01_CLEAN,T015_D01,EXP1_T015_D01_C01_E,T015_D01_M01,EXP1_T015_D01_C01,2745,EXP1_T015_D01_C01_UC
T015_D01_ASET01,user_task_5,T015_D01_BM01,T015_D01_BW01,"[""T015_D01_M01"", ""T015_D01_BM01"", ""T015_D01_BW01""]",T015_D01_C02,EXP1_T015_D01_CLEAN,T015_D01,EXP1_T015_D01_C02_E,T015_D01_M01,EXP1_T015_D01_C02,2746,EXP1_T015_D01_C02_UC
T015_D01_ASET01,user_task_5,T015_D01_BM01,T015_D01_BW01,"[""T015_D01_BM01"", ""T015_D01_BW01"", ""T015_D01_M01""]",T015_D01_C03,EXP1_T015_D01_CLEAN,T015_D01,EXP1_T015_D01_C03_E,T015_D01_M01,EXP1_T015_D01_C03,2747,EXP1_T015_D01_C03_UC
T015_D02_ASET01,user_task_5,T015_D02_BM01,T015_D02_BW01,"[""T015_D02_M01"", ""T015_D02_BM01"", ""T015_D02_BW01""]",T015_D02_C01,EXP1_T015_D02_CLEAN,T015_D02,EXP1_T015_D02_C01_E,T015_D02_M01,EXP1_T015_D02_C01,2755,EXP1_T015_D02_C01_UC
T015_D02_ASET01,user_task_5,T015_D02_BM01,T015_D02_BW01,"[""T015_D02_BM01"", ""T015_D02_BW01"", ""T015_D02_M01""]",T015_D02_C02,EXP1_T015_D02_CLEAN,T015_D02,EXP1_T015_D02_C02_E,T015_D02_M01,EXP1_T015_D02_C02,2756,EXP1_T015_D02_C02_UC
T015_D02_ASET01,user_task_5,T015_D02_BM01,T015_D02_BW01,"[""T015_D02_BW01"", ""T015_D02_M01"", ""T015_D02_BM01""]",T015_D02_C03,EXP1_T015_D02_CLEAN,T015_D02,EXP1_T015_D02_C03_E,T015_D02_M01,EXP1_T015_D02_C03,2757,EXP1_T015_D02_C03_UC
T015_D03_ASET01,user_task_5,T015_D03_BM01,T015_D03_BW01,"[""T015_D03_BM01"", ""T015_D03_BW01"", ""T015_D03_M01""]",T015_D03_C01,EXP1_T015_D03_CLEAN,T015_D03,EXP1_T015_D03_C01_E,T015_D03_M01,EXP1_T015_D03_C01,2765,EXP1_T015_D03_C01_UC
T015_D03_ASET01,user_task_5,T015_D03_BM01,T015_D03_BW01,"[""T015_D03_BW01"", ""T015_D03_M01"", ""T015_D03_BM01""]",T015_D03_C02,EXP1_T015_D03_CLEAN,T015_D03,EXP1_T015_D03_C02_E,T015_D03_M01,EXP1_T015_D03_C02,2766,EXP1_T015_D03_C02_UC
T015_D03_ASET01,user_task_5,T015_D03_BM01,T015_D03_BW01,"[""T015_D03_M01"", ""T015_D03_BM01"", ""T015_D03_BW01""]",T015_D03_C03,EXP1_T015_D03_CLEAN,T015_D03,EXP1_T015_D03_C03_E,T015_D03_M01,EXP1_T015_D03_C03,2767,EXP1_T015_D03_C03_UC
T016_D01_ASET01,user_task_6,T016_D01_BM01,T016_D01_BW01,"[""T016_D01_M01"", ""T016_D01_BM01"", ""T016_D01_BW01""]",T016_D01_C01,EXP1_T016_D01_CLEAN,T016_D01,EXP1_T016_D01_C01_E,T016_D01_M01,EXP1_T016_D01_C01,2845,EXP1_T016_D01_C01_UC
T016_D01_ASET01,user_task_6,T016_D01_BM01,T016_D01_BW01,"[""T016_D01_BM01"", ""T016_D01_BW01"", ""T016_D01_M01""]",T016_D01_C02,EXP1_T016_D01_CLEAN,T016_D01,EXP1_T016_D01_C02_E,T016_D01_M01,EXP1_T016_D01_C02,2846,EXP1_T016_D01_C02_UC
T016_D01_ASET01,user_task_6,T016_D01_BM01,T016_D01_BW01,"[""T016_D01_BW01"", ""T016_D01_M01"", ""T016_D01_BM01""]",T016_D01_C03,EXP1_T016_D01_CLEAN,T016_D01,EXP1_T016_D01_C03_E,T016_D01_M01,EXP1_T016_D01_C03,2847,EXP1_T016_D01_C03_UC
T016_D02_ASET01,user_task_6,T016_D02_BM01,T016_D02_BW01,"[""T016_D02_BM01"", ""T016_D02_BW01"", ""T016_D02_M01""]",T016_D02_C01,EXP1_T016_D02_CLEAN,T016_D02,EXP1_T016_D02_C01_E,T016_D02_M01,EXP1_T016_D02_C01,2855,EXP1_T016_D02_C01_UC
T016_D02_ASET01,user_task_6,T016_D02_BM01,T016_D02_BW01,"[""T016_D02_BW01"", ""T016_D02_M01"", ""T016_D02_BM01""]",T016_D02_C02,EXP1_T016_D02_CLEAN,T016_D02,EXP1_T016_D02_C02_E,T016_D02_M01,EXP1_T016_D02_C02,2856,EXP1_T016_D02_C02_UC
T016_D02_ASET01,user_task_6,T016_D02_BM01,T016_D02_BW01,"[""T016_D02_M01"", ""T016_D02_BM01"", ""T016_D02_BW01""]",T016_D02_C03,EXP1_T016_D02_CLEAN,T016_D02,EXP1_T016_D02_C03_E,T016_D02_M01,EXP1_T016_D02_C03,2857,EXP1_T016_D02_C03_UC
T016_D03_ASET01,user_task_6,T016_D03_BM01,T016_D03_BW01,"[""T016_D03_BW01"", ""T016_D03_M01"", ""T016_D03_BM01""]",T016_D03_C01,EXP1_T016_D03_CLEAN,T016_D03,EXP1_T016_D03_C01_E,T016_D03_M01,EXP1_T016_D03_C01,2865,EXP1_T016_D03_C01_UC
T016_D03_ASET01,user_task_6,T016_D03_BM01,T016_D03_BW01,"[""T016_D03_M01"", ""T016_D03_BM01"", ""T016_D03_BW01""]",T016_D03_C02,EXP1_T016_D03_CLEAN,T016_D03,EXP1_T016_D03_C02_E,T016_D03_M01,EXP1_T016_D03_C02,2866,EXP1_T016_D03_C02_UC
T016_D03_ASET01,user_task_6,T016_D03_BM01,T016_D03_BW01,"[""T016_D03_BM01"", ""T016_D03_BW01"", ""T016_D03_M01""]",T016_D03_C03,EXP1_T016_D03_CLEAN,T016_D03,EXP1_T016_D03_C03_E,T016_D03_M01,EXP1_T016_D03_C03,2867,EXP1_T016_D03_C03_UC
T017_D01_ASET01,user_task_7,T017_D01_BM01,T017_D01_BW01,"[""T017_D01_BM01"", ""T017_D01_BW01"", ""T017_D01_M01""]",T017_D01_C01,EXP1_T017_D01_CLEAN,T017_D01,EXP1_T017_D01_C01_E,T017_D01_M01,EXP1_T017_D01_C01,2945,EXP1_T017_D01_C01_UC
T017_D01_ASET01,user_task_7,T017_D01_BM01,T017_D01_BW01,"[""T017_D01_BW01"", ""T017_D01_M01"", ""T017_D01_BM01""]",T017_D01_C02,EXP1_T017_D01_CLEAN,T017_D01,EXP1_T017_D01_C02_E,T017_D01_M01,EXP1_T017_D01_C02,2946,EXP1_T017_D01_C02_UC
T017_D01_ASET01,user_task_7,T017_D01_BM01,T017_D01_BW01,"[""T017_D01_M01"", ""T017_D01_BM01"", ""T017_D01_BW01""]",T017_D01_C03,EXP1_T017_D01_CLEAN,T017_D01,EXP1_T017_D01_C03_E,T017_D01_M01,EXP1_T017_D01_C03,2947,EXP1_T017_D01_C03_UC
T017_D02_ASET01,user_task_7,T017_D02_BM01,T017_D02_BW01,"[""T017_D02_BW01"", ""T017_D02_M01"", ""T017_D02_BM01""]",T017_D02_C01,EXP1_T017_D02_CLEAN,T017_D02,EXP1_T017_D02_C01_E,T017_D02_M01,EXP1_T017_D02_C01,2955,EXP1_T017_D02_C01_UC
T017_D02_ASET01,user_task_7,T017_D02_BM01,T017_D02_BW01,"[""T017_D02_M01"", ""T017_D02_BM01"", ""T017_D02_BW01""]",T017_D02_C02,EXP1_T017_D02_CLEAN,T017_D02,EXP1_T017_D02_C02_E,T017_D02_M01,EXP1_T017_D02_C02,2956,EXP1_T017_D02_C02_UC
T017_D02_ASET01,user_task_7,T017_D02_BM01,T017_D02_BW01,"[""T017_D02_BM01"", ""T017_D02_BW01"", ""T017_D02_M01""]",T017_D02_C03,EXP1_T017_D02_CLEAN,T017_D02,EXP1_T017_D02_C03_E,T017_D02_M01,EXP1_T017_D02_C03,2957,EXP1_T017_D02_C03_UC
T017_D03_ASET01,user_task_7,T017_D03_BM01,T017_D03_BW01,"[""T017_D03_M01"", ""T017_D03_BM01"", ""T017_D03_BW01""]",T017_D03_C01,EXP1_T017_D03_CLEAN,T017_D03,EXP1_T017_D03_C01_E,T017_D03_M01,EXP1_T017_D03_C01,2965,EXP1_T017_D03_C01_UC
T017_D03_ASET01,user_task_7,T017_D03_BM01,T017_D03_BW01,"[""T017_D03_BM01"", ""T017_D03_BW01"", ""T017_D03_M01""]",T017_D03_C02,EXP1_T017_D03_CLEAN,T017_D03,EXP1_T017_D03_C02_E,T017_D03_M01,EXP1_T017_D03_C02,2966,EXP1_T017_D03_C02_UC
T017_D03_ASET01,user_task_7,T017_D03_BM01,T017_D03_BW01,"[""T017_D03_BW01"", ""T017_D03_M01"", ""T017_D03_BM01""]",T017_D03_C03,EXP1_T017_D03_CLEAN,T017_D03,EXP1_T017_D03_C03_E,T017_D03_M01,EXP1_T017_D03_C03,2967,EXP1_T017_D03_C03_UC
T018_D01_ASET01,user_task_8,T018_D01_BM01,T018_D01_BW01,"[""T018_D01_BW01"", ""T018_D01_M01"", ""T018_D01_BM01""]",T018_D01_C01,EXP1_T018_D01_CLEAN,T018_D01,EXP1_T018_D01_C01_E,T018_D01_M01,EXP1_T018_D01_C01,3045,EXP1_T018_D01_C01_UC
T018_D01_ASET01,user_task_8,T018_D01_BM01,T018_D01_BW01,"[""T018_D01_M01"", ""T018_D01_BM01"", ""T018_D01_BW01""]",T018_D01_C02,EXP1_T018_D01_CLEAN,T018_D01,EXP1_T018_D01_C02_E,T018_D01_M01,EXP1_T018_D01_C02,3046,EXP1_T018_D01_C02_UC
T018_D01_ASET01,user_task_8,T018_D01_BM01,T018_D01_BW01,"[""T018_D01_BM01"", ""T018_D01_BW01"", ""T018_D01_M01""]",T018_D01_C03,EXP1_T018_D01_CLEAN,T018_D01,EXP1_T018_D01_C03_E,T018_D01_M01,EXP1_T018_D01_C03,3047,EXP1_T018_D01_C03_UC
T018_D02_ASET01,user_task_8,T018_D02_BM01,T018_D02_BW01,"[""T018_D02_M01"", ""T018_D02_BM01"", ""T018_D02_BW01""]",T018_D02_C01,EXP1_T018_D02_CLEAN,T018_D02,EXP1_T018_D02_C01_E,T018_D02_M01,EXP1_T018_D02_C01,3055,EXP1_T018_D02_C01_UC
T018_D02_ASET01,user_task_8,T018_D02_BM01,T018_D02_BW01,"[""T018_D02_BM01"", ""T018_D02_BW01"", ""T018_D02_M01""]",T018_D02_C02,EXP1_T018_D02_CLEAN,T018_D02,EXP1_T018_D02_C02_E,T018_D02_M01,EXP1_T018_D02_C02,3056,EXP1_T018_D02_C02_UC
T018_D02_ASET01,user_task_8,T018_D02_BM01,T018_D02_BW01,"[""T018_D02_BW01"", ""T018_D02_M01"", ""T018_D02_BM01""]",T018_D02_C03,EXP1_T018_D02_CLEAN,T018_D02,EXP1_T018_D02_C03_E,T018_D02_M01,EXP1_T018_D02_C03,3057,EXP1_T018_D02_C03_UC
T018_D03_ASET01,user_task_8,T018_D03_BM01,T018_D03_BW01,"[""T018_D03_BM01"", ""T018_D03_BW01"", ""T018_D03_M01""]",T018_D03_C01,EXP1_T018_D03_CLEAN,T018_D03,EXP1_T018_D03_C01_E,T018_D03_M01,EXP1_T018_D03_C01,3065,EXP1_T018_D03_C01_UC
T018_D03_ASET01,user_task_8,T018_D03_BM01,T018_D03_BW01,"[""T018_D03_BW01"", ""T018_D03_M01"", ""T018_D03_BM01""]",T018_D03_C02,EXP1_T018_D03_CLEAN,T018_D03,EXP1_T018_D03_C02_E,T018_D03_M01,EXP1_T018_D03_C02,3066,EXP1_T018_D03_C02_UC
T018_D03_ASET01,user_task_8,T018_D03_BM01,T018_D03_BW01,"[""T018_D03_M01"", ""T018_D03_BM01"", ""T018_D03_BW01""]",T018_D03_C03,EXP1_T018_D03_CLEAN,T018_D03,EXP1_T018_D03_C03_E,T018_D03_M01,EXP1_T018_D03_C03,3067,EXP1_T018_D03_C03_UC
T019_D01_ASET01,user_task_9,T019_D01_BM01,T019_D01_BW01,"[""T019_D01_M01"", ""T019_D01_BM01"", ""T019_D01_BW01""]",T019_D01_C01,EXP1_T019_D01_CLEAN,T019_D01,EXP1_T019_D01_C01_E,T019_D01_M01,EXP1_T019_D01_C01,3145,EXP1_T019_D01_C01_UC
T019_D01_ASET01,user_task_9,T019_D01_BM01,T019_D01_BW01,"[""T019_D01_BM01"", ""T019_D01_BW01"", ""T019_D01_M01""]",T019_D01_C02,EXP1_T019_D01_CLEAN,T019_D01,EXP1_T019_D01_C02_E,T019_D01_M01,EXP1_T019_D01_C02,3146,EXP1_T019_D01_C02_UC
T019_D01_ASET01,user_task_9,T019_D01_BM01,T019_D01_BW01,"[""T019_D01_BW01"", ""T019_D01_M01"", ""T019_D01_BM01""]",T019_D01_C03,EXP1_T019_D01_CLEAN,T019_D01,EXP1_T019_D01_C03_E,T019_D01_M01,EXP1_T019_D01_C03,3147,EXP1_T019_D01_C03_UC
T019_D02_ASET01,user_task_9,T019_D02_BM01,T019_D02_BW01,"[""T019_D02_BM01"", ""T019_D02_BW01"", ""T019_D02_M01""]",T019_D02_C01,EXP1_T019_D02_CLEAN,T019_D02,EXP1_T019_D02_C01_E,T019_D02_M01,EXP1_T019_D02_C01,3155,EXP1_T019_D02_C01_UC
T019_D02_ASET01,user_task_9,T019_D02_BM01,T019_D02_BW01,"[""T019_D02_BW01"", ""T019_D02_M01"", ""T019_D02_BM01""]",T019_D02_C02,EXP1_T019_D02_CLEAN,T019_D02,EXP1_T019_D02_C02_E,T019_D02_M01,EXP1_T019_D02_C02,3156,EXP1_T019_D02_C02_UC
T019_D02_ASET01,user_task_9,T019_D02_BM01,T019_D02_BW01,"[""T019_D02_M01"", ""T019_D02_BM01"", ""T019_D02_BW01""]",T019_D02_C03,EXP1_T019_D02_CLEAN,T019_D02,EXP1_T019_D02_C03_E,T019_D02_M01,EXP1_T019_D02_C03,3157,EXP1_T019_D02_C03_UC
T019_D03_ASET01,user_task_9,T019_D03_BM01,T019_D03_BW01,"[""T019_D03_BW01"", ""T019_D03_M01"", ""T019_D03_BM01""]",T019_D03_C01,EXP1_T019_D03_CLEAN,T019_D03,EXP1_T019_D03_C01_E,T019_D03_M01,EXP1_T019_D03_C01,3165,EXP1_T019_D03_C01_UC
T019_D03_ASET01,user_task_9,T019_D03_BM01,T019_D03_BW01,"[""T019_D03_M01"", ""T019_D03_BM01"", ""T019_D03_BW01""]",T019_D03_C02,EXP1_T019_D03_CLEAN,T019_D03,EXP1_T019_D03_C02_E,T019_D03_M01,EXP1_T019_D03_C02,3166,EXP1_T019_D03_C02_UC
T019_D03_ASET01,user_task_9,T019_D03_BM01,T019_D03_BW01,"[""T019_D03_BM01"", ""T019_D03_BW01"", ""T019_D03_M01""]",T019_D03_C03,EXP1_T019_D03_CLEAN,T019_D03,EXP1_T019_D03_C03_E,T019_D03_M01,EXP1_T019_D03_C03,3167,EXP1_T019_D03_C03_UC
