adoption_or_asr,artifact_type,defense,n,source
0.17777777777777778,BM,CausalArmor,180,E
0.31666666666666665,M,CausalArmor,180,E
0.45555555555555555,BM,CausalArmor,180,UC
0.7055555555555556,M,CausalArmor,180,UC
0.14444444444444443,BM,DataSentinel-D,180,E
0.2388888888888889,M,DataSentinel-D,180,E
0.5055555555555555,BM,DataSentinel-D,180,UC
0.6777777777777778,M,DataSentinel-D,180,UC
0.15555555555555556,BM,SecAlign,180,E
0.25555555555555554,M,SecAlign,180,E
0.46111111111111114,BM,SecAlign,180,UC
0.75,M,SecAlign,180,UC
0.14444444444444443,BM,StruQ,180,E
0.24444444444444444,M,StruQ,180,E
0.4388888888888889,BM,StruQ,180,UC
0.6666666666666666,M,StruQ,180,UC
