arm,count,transition
malicious,4,H1:BM -> H2:BM -> H3:BM
malicious,2,H1:BW -> H2:BW -> H3:BW
malicious,2,H1:M -> H2:BM -> H3:M
malicious,1,H1:M -> H2:BW -> H3:BW
malicious,27,H1:M -> H2:M -> H3:M
malicious,1,H1:M -> H2:M -> H3:None
malicious,2,H1:M -> H2:None -> H3:M
malicious,1,H1:M -> H2:None -> H3:None
malicious,2,H1:None -> H2:BM -> H3:BM
malicious,1,H1:None -> H2:BM -> H3:M
malicious,5,H1:None -> H2:M -> H3:M
malicious,2,H1:None -> H2:M -> H3:None
malicious,1,H1:None -> H2:None -> H3:BM
malicious,4,H1:None -> H2:None -> H3:M
malicious,125,H1:None -> H2:None -> H3:None
