condition,denominator,guidance,model,numerator,probability,source,transition
E_M_H1,15,H1,llama31_8b_instruct,15,1.0,E,Mention -> Plan
E_M_H1,42,H1,llama31_8b_instruct,36,0.8571428571428571,E,Plan -> Action
E_M_H1,15,H1,llama31_8b_instruct,9,0.6,E,Mention -> Action
E_M_H2,27,H2,llama31_8b_instruct,27,1.0,E,Mention -> Plan
E_M_H2,57,H2,llama31_8b_instruct,45,0.7894736842105263,E,Plan -> Action
E_M_H2,27,H2,llama31_8b_instruct,15,0.5555555555555556,E,Mention -> Action
E_M_H3,38,H3,llama31_8b_instruct,38,1.0,E,Mention -> Plan
E_M_H3,78,H3,llama31_8b_instruct,64,0.8205128205128205,E,Plan -> Action
E_M_H3,38,H3,llama31_8b_instruct,24,0.631578947368421,E,Mention -> Action
UC_M_H1,66,H1,llama31_8b_instruct,66,1.0,UC,Mention -> Plan
UC_M_H1,148,H1,llama31_8b_instruct,123,0.831081081081081,UC,Plan -> Action
UC_M_H1,66,H1,llama31_8b_instruct,41,0.6212121212121212,UC,Mention -> Action
UC_M_H2,101,H2,llama31_8b_instruct,101,1.0,UC,Mention -> Plan
UC_M_H2,154,H2,llama31_8b_instruct,141,0.9155844155844156,UC,Plan -> Action
UC_M_H2,101,H2,llama31_8b_instruct,88,0.8712871287128713,UC,Mention -> Action
UC_M_H3,93,H3,llama31_8b_instruct,93,1.0,UC,Mention -> Plan
UC_M_H3,122,H3,llama31_8b_instruct,100,0.819672131147541,UC,Plan -> Action
UC_M_H3,93,H3,llama31_8b_instruct,71,0.7634408602150538,UC,Mention -> Action
