C1_M_user_selected,C1_selected_user_source,C2_BM_user_selected,C2_selected_user_source,pair_id
1,1,0,0,EXP1_T002_D03_C01
0,0,0,0,EXP1_T019_D03_C03
1,1,0,0,EXP1_T013_D02_C02
0,0,0,0,EXP1_T012_D03_C01
1,1,0,0,EXP1_T008_D01_C03
1,1,0,0,EXP1_T000_D02_C03
1,1,0,0,EXP1_T016_D03_C01
1,1,1,1,EXP1_T015_D02_C01
0,0,1,1,EXP1_T019_D02_C01
0,0,1,1,EXP1_T001_D02_C01
1,1,0,0,EXP1_T016_D02_C03
0,0,0,0,EXP1_T019_D03_C01
1,1,0,0,EXP1_T016_D02_C02
0,0,1,1,EXP1_T007_D01_C03
1,1,0,0,EXP1_T018_D02_C01
1,1,0,0,EXP1_T001_D01_C01
0,0,1,1,EXP1_T009_D02_C01
1,1,0,0,EXP1_T007_D02_C02
1,1,0,0,EXP1_T002_D01_C03
1,1,0,0,EXP1_T009_D03_C02
0,0,0,0,EXP1_T015_D03_C02
1,1,0,0,EXP1_T013_D01_C03
0,0,1,1,EXP1_T003_D03_C01
1,1,0,0,EXP1_T014_D03_C03
1,1,0,0,EXP1_T017_D03_C03
1,1,0,0,EXP1_T002_D03_C03
0,0,1,1,EXP1_T016_D01_C02
0,0,1,1,EXP1_T007_D02_C01
0,0,1,1,EXP1_T013_D03_C03
1,1,0,0,EXP1_T003_D01_C01
1,1,0,0,EXP1_T007_D03_C02
0,0,1,1,EXP1_T006_D03_C01
1,1,0,0,EXP1_T004_D02_C01
1,1,0,0,EXP1_T018_D01_C01
0,0,0,0,EXP1_T017_D02_C01
1,1,0,0,EXP1_T016_D01_C01
1,1,0,0,EXP1_T005_D01_C02
1,1,0,0,EXP1_T006_D03_C02
0,0,0,0,EXP1_T018_D02_C02
0,0,1,1,EXP1_T015_D01_C03
0,0,1,1,EXP1_T008_D03_C02
1,1,0,0,EXP1_T010_D02_C02
0,0,1,1,EXP1_T018_D01_C03
0,0,1,1,EXP1_T000_D02_C01
0,0,1,1,EXP1_T002_D03_C02
0,0,1,1,EXP1_T001_D03_C03
1,1,0,0,EXP1_T007_D03_C01
0,0,0,0,EXP1_T012_D01_C01
1,1,0,0,EXP1_T014_D02_C01
1,1,1,1,EXP1_T004_D03_C01
1,1,0,0,EXP1_T002_D02_C01
0,0,0,0,EXP1_T015_D01_C01
0,0,0,0,EXP1_T010_D03_C03
1,1,0,0,EXP1_T005_D03_C03
1,1,0,0,EXP1_T016_D03_C02
0,0,0,0,EXP1_T012_D02_C02
1,1,0,0,EXP1_T018_D02_C03
1,1,0,0,EXP1_T006_D02_C01
0,0,1,1,EXP1_T000_D01_C03
0,0,1,1,EXP1_T017_D03_C02
1,1,0,0,EXP1_T005_D02_C02
0,0,0,0,EXP1_T003_D02_C02
1,1,0,0,EXP1_T018_D01_C02
1,1,0,0,EXP1_T000_D03_C02
0,0,0,0,EXP1_T019_D01_C01
1,1,0,0,EXP1_T010_D01_C01
1,1,0,0,EXP1_T014_D02_C02
0,0,0,0,EXP1_T004_D03_C03
1,1,0,0,EXP1_T014_D01_C02
0,0,0,0,EXP1_T015_D02_C02
1,1,1,1,EXP1_T016_D02_C01
1,1,0,0,EXP1_T017_D02_C02
0,0,1,1,EXP1_T008_D02_C03
0,0,0,0,EXP1_T012_D03_C02
0,0,0,0,EXP1_T010_D01_C02
0,0,1,1,EXP1_T011_D03_C02
0,0,1,1,EXP1_T005_D01_C01
1,1,0,0,EXP1_T006_D02_C03
0,0,1,1,EXP1_T009_D01_C03
0,0,0,0,EXP1_T002_D01_C02
0,0,1,1,EXP1_T014_D03_C02
1,1,0,0,EXP1_T011_D02_C01
0,0,0,0,EXP1_T013_D02_C01
0,0,1,1,EXP1_T006_D02_C02
1,1,0,0,EXP1_T010_D02_C03
0,0,0,0,EXP1_T015_D03_C01
0,0,1,1,EXP1_T005_D02_C03
0,0,0,0,EXP1_T013_D01_C01
1,1,0,0,EXP1_T011_D02_C02
1,1,0,0,EXP1_T017_D01_C03
1,1,0,0,EXP1_T005_D03_C01
0,0,1,1,EXP1_T004_D01_C02
0,0,1,1,EXP1_T017_D01_C01
0,0,0,0,EXP1_T009_D02_C02
1,1,0,0,EXP1_T016_D01_C03
0,0,1,1,EXP1_T013_D01_C02
1,1,0,0,EXP1_T004_D01_C03
0,0,0,0,EXP1_T012_D01_C03
0,0,0,0,EXP1_T015_D03_C03
0,0,1,1,EXP1_T016_D03_C03
0,0,0,0,EXP1_T008_D01_C02
0,0,1,1,EXP1_T002_D02_C03
1,1,0,0,EXP1_T001_D02_C02
1,1,0,0,EXP1_T019_D03_C02
0,0,1,1,EXP1_T014_D01_C01
0,0,1,1,EXP1_T018_D03_C01
0,0,0,0,EXP1_T015_D02_C03
0,0,1,1,EXP1_T006_D01_C03
1,1,0,0,EXP1_T009_D01_C01
0,0,0,0,EXP1_T001_D03_C01
1,1,0,0,EXP1_T006_D01_C02
1,1,0,0,EXP1_T018_D03_C03
0,0,0,0,EXP1_T003_D03_C02
0,0,0,0,EXP1_T010_D01_C03
1,1,0,0,EXP1_T013_D03_C02
1,1,0,0,EXP1_T014_D03_C01
1,1,0,0,EXP1_T007_D01_C01
1,1,0,0,EXP1_T019_D02_C02
0,0,1,1,EXP1_T007_D01_C02
1,1,0,0,EXP1_T004_D02_C02
1,1,0,0,EXP1_T012_D02_C01
0,0,1,1,EXP1_T000_D03_C01
1,1,0,0,EXP1_T011_D01_C03
0,0,0,0,EXP1_T012_D03_C03
1,1,1,1,EXP1_T011_D03_C01
1,1,0,0,EXP1_T015_D01_C02
0,0,0,0,EXP1_T011_D01_C01
0,0,1,1,EXP1_T017_D02_C03
1,1,0,0,EXP1_T003_D02_C01
0,0,1,1,EXP1_T008_D01_C01
0,0,0,0,EXP1_T012_D01_C02
0,0,1,1,EXP1_T007_D03_C03
0,0,0,0,EXP1_T000_D01_C01
1,1,0,0,EXP1_T017_D03_C01
0,0,1,1,EXP1_T005_D03_C02
1,1,0,0,EXP1_T009_D03_C03
0,0,1,1,EXP1_T000_D02_C02
1,1,0,0,EXP1_T005_D02_C01
1,1,0,0,EXP1_T014_D01_C03
1,1,0,0,EXP1_T013_D02_C03
0,0,0,0,EXP1_T017_D01_C02
1,1,0,0,EXP1_T006_D03_C03
0,0,0,0,EXP1_T010_D03_C01
0,0,0,0,EXP1_T018_D03_C02
1,1,0,0,EXP1_T004_D01_C01
1,1,0,0,EXP1_T003_D03_C03
1,1,0,0,EXP1_T011_D01_C02
1,1,0,0,EXP1_T001_D02_C03
0,0,1,1,EXP1_T010_D02_C01
1,1,0,0,EXP1_T009_D01_C02
1,1,0,0,EXP1_T004_D02_C03
0,0,0,0,EXP1_T008_D03_C01
0,0,1,1,EXP1_T009_D03_C01
0,0,1,1,EXP1_T011_D02_C03
1,1,0,0,EXP1_T007_D02_C03
1,1,0,0,EXP1_T019_D01_C03
1,1,0,0,EXP1_T005_D01_C03
0,0,0,0,EXP1_T008_D03_C03
0,0,1,1,EXP1_T003_D01_C03
1,1,0,0,EXP1_T001_D03_C02
1,1,0,0,EXP1_T003_D01_C02
1,1,0,0,EXP1_T001_D01_C03
1,1,0,0,EXP1_T003_D02_C03
1,1,0,0,EXP1_T013_D03_C01
1,1,0,0,EXP1_T002_D02_C02
1,1,0,0,EXP1_T000_D01_C02
0,0,1,1,EXP1_T009_D02_C03
0,0,1,1,EXP1_T014_D02_C03
1,1,0,0,EXP1_T006_D01_C01
0,0,1,1,EXP1_T001_D01_C02
0,0,0,0,EXP1_T019_D02_C03
1,1,0,0,EXP1_T004_D03_C02
1,1,0,0,EXP1_T000_D03_C03
0,0,0,0,EXP1_T012_D02_C03
1,1,0,0,EXP1_T008_D02_C01
0,0,1,1,EXP1_T002_D01_C01
1,1,1,1,EXP1_T011_D03_C03
0,0,1,1,EXP1_T008_D02_C02
0,0,0,0,EXP1_T010_D03_C02
0,0,1,1,EXP1_T019_D01_C02
