domain,domain_instance_id,transition
slack,SLACK_user_task_0_D03_C02,M->None->M
slack,SLACK_user_task_0_D01_C03,None->None->M
slack,SLACK_user_task_0_D03_C03,None->None->None
slack,SLACK_user_task_1_D01_C01,M->M->M
slack,SLACK_user_task_0_D03_C01,M->M->M
slack,SLACK_user_task_0_D01_C02,M->None->M
slack,SLACK_user_task_0_D02_C02,M->M->M
slack,SLACK_user_task_0_D02_C03,None->None->None
slack,SLACK_user_task_0_D01_C01,M->BM->M
slack,SLACK_user_task_0_D02_C01,M->M->M
banking,BANK_user_task_1_D01_C01,M->M->M
banking,BANK_user_task_1_D01_C03,None->M->BM
banking,BANK_user_task_0_D01_C02,M->M->BM
banking,BANK_user_task_1_D03_C03,M->M->M
banking,BANK_user_task_1_D03_C01,M->None->M
banking,BANK_user_task_1_D01_C02,M->M->M
banking,BANK_user_task_0_D01_C03,M->BM->M
banking,BANK_user_task_0_D02_C02,M->BW->BM
banking,BANK_user_task_1_D02_C03,M->BM->BM
banking,BANK_user_task_0_D02_C03,M->M->M
banking,BANK_user_task_1_D02_C02,M->M->M
banking,BANK_user_task_1_D02_C01,M->M->BM
banking,BANK_user_task_1_D03_C02,M->BM->None
banking,BANK_user_task_0_D02_C01,M->BM->BM
banking,BANK_user_task_0_D01_C01,M->BM->BM
